Employee_ID,Attrition_rate
EID_22713,0.18937612857142858
EID_9658,0.18937612857142858
EID_22203,0.18937612857142858
EID_7652,0.18937612857142858
EID_6516,0.18937612857142858
EID_20283,0.18937612857142858
EID_21014,0.18937612857142858
EID_7693,0.18937612857142858
EID_13232,0.18937612857142858
EID_6515,0.18937612857142858
EID_13639,0.18937612857142858
EID_14669,0.18937612857142858
EID_16537,0.18937612857142858
EID_5782,0.18937612857142858
EID_20157,0.18937612857142858
EID_1855,0.18937612857142858
EID_20748,0.18937612857142858
EID_23179,0.18937612857142858
EID_12838,0.18937612857142858
EID_21656,0.18937612857142858
EID_8844,0.18937612857142858
EID_1536,0.18937612857142858
EID_8822,0.18937612857142858
EID_11398,0.18937612857142858
EID_12965,0.18937612857142858
EID_5204,0.18937612857142858
EID_10030,0.18937612857142858
EID_13227,0.18937612857142858
EID_20607,0.18937612857142858
EID_14070,0.18937612857142858
EID_3755,0.18937612857142858
EID_5459,0.18937612857142858
EID_7697,0.18937612857142858
EID_3935,0.18937612857142858
EID_19046,0.18937612857142858
EID_4040,0.18937612857142858
EID_17730,0.18937612857142858
EID_4995,0.18937612857142858
EID_24653,0.18937612857142858
EID_6978,0.18937612857142858
EID_13775,0.18937612857142858
EID_14608,0.18937612857142858
EID_3148,0.18937612857142858
EID_24868,0.18937612857142858
EID_5521,0.18937612857142858
EID_21155,0.18937612857142858
EID_3840,0.18937612857142858
EID_10646,0.18937612857142858
EID_6711,0.18937612857142858
EID_16247,0.18937612857142858
EID_16789,0.18937612857142858
EID_17967,0.18937612857142858
EID_13270,0.18937612857142858
EID_18462,0.18937612857142858
EID_22248,0.18937612857142858
EID_22693,0.18937612857142858
EID_25662,0.18937612857142858
EID_23346,0.18937612857142858
EID_4437,0.18937612857142858
EID_18108,0.18937612857142858
EID_7000,0.18937612857142858
EID_22770,0.18937612857142858
EID_7816,0.18937612857142858
EID_19615,0.18937612857142858
EID_23807,0.18937612857142858
EID_16764,0.18937612857142858
EID_16818,0.18937612857142858
EID_22712,0.18937612857142858
EID_18198,0.18937612857142858
EID_11154,0.18937612857142858
EID_22137,0.18937612857142858
EID_11655,0.18937612857142858
EID_18514,0.18937612857142858
EID_24742,0.18937612857142858
EID_16019,0.18937612857142858
EID_7357,0.18937612857142858
EID_20106,0.18937612857142858
EID_13284,0.18937612857142858
EID_5451,0.18937612857142858
EID_19728,0.18937612857142858
EID_9178,0.18937612857142858
EID_13177,0.18937612857142858
EID_14300,0.18937612857142858
EID_4379,0.18937612857142858
EID_11285,0.18937612857142858
EID_14882,0.18937612857142858
EID_9969,0.18937612857142858
EID_23643,0.18937612857142858
EID_5935,0.18937612857142858
EID_7741,0.18937612857142858
EID_6176,0.18937612857142858
EID_5418,0.18937612857142858
EID_20626,0.18937612857142858
EID_1725,0.18937612857142858
EID_14317,0.18937612857142858
EID_12120,0.18937612857142858
EID_20264,0.18937612857142858
EID_16691,0.18937612857142858
EID_1093,0.18937612857142858
EID_2565,0.18937612857142858
EID_11463,0.18937612857142858
EID_12005,0.18937612857142858
EID_10326,0.18937612857142858
EID_12582,0.18937612857142858
EID_18228,0.18937612857142858
EID_11670,0.18937612857142858
EID_24257,0.18937612857142858
EID_7024,0.18937612857142858
EID_10382,0.18937612857142858
EID_20210,0.18937612857142858
EID_10294,0.18937612857142858
EID_19941,0.18937612857142858
EID_25572,0.18937612857142858
EID_7758,0.18937612857142858
EID_22718,0.18937612857142858
EID_1078,0.18937612857142858
EID_8227,0.18937612857142858
EID_1702,0.18937612857142858
EID_3532,0.18937612857142858
EID_22452,0.18937612857142858
EID_3019,0.18937612857142858
EID_22264,0.18937612857142858
EID_9866,0.18937612857142858
EID_3520,0.18937612857142858
EID_21098,0.18937612857142858
EID_1186,0.18937612857142858
EID_12355,0.18937612857142858
EID_11020,0.18937612857142858
EID_19193,0.18937612857142858
EID_17787,0.18937612857142858
EID_13719,0.18937612857142858
EID_24449,0.18937612857142858
EID_12957,0.18937612857142858
EID_24794,0.18937612857142858
EID_2866,0.18937612857142858
EID_10563,0.18937612857142858
EID_22492,0.18937612857142858
EID_4106,0.18937612857142858
EID_6648,0.18937612857142858
EID_7209,0.18937612857142858
EID_9692,0.18937612857142858
EID_22763,0.18937612857142858
EID_12622,0.18937612857142858
EID_9831,0.18937612857142858
EID_5731,0.18937612857142858
EID_1114,0.18937612857142858
EID_25017,0.18937612857142858
EID_22956,0.18937612857142858
EID_5549,0.18937612857142858
EID_12022,0.18937612857142858
EID_8034,0.18937612857142858
EID_20644,0.18937612857142858
EID_20125,0.18937612857142858
EID_21957,0.18937612857142858
EID_8870,0.18937612857142858
EID_2305,0.18937612857142858
EID_3977,0.18937612857142858
EID_14845,0.18937612857142858
EID_6629,0.18937612857142858
EID_14577,0.18937612857142858
EID_24509,0.18937612857142858
EID_1530,0.18937612857142858
EID_21524,0.18937612857142858
EID_6647,0.18937612857142858
EID_19730,0.18937612857142858
EID_4424,0.18937612857142858
EID_7964,0.18937612857142858
EID_6289,0.18937612857142858
EID_2899,0.18937612857142858
EID_2827,0.18937612857142858
EID_8801,0.18937612857142858
EID_20454,0.18937612857142858
EID_18988,0.18937612857142858
EID_8405,0.18937612857142858
EID_14497,0.18937612857142858
EID_11769,0.18937612857142858
EID_21353,0.18937612857142858
EID_2221,0.18937612857142858
EID_13218,0.18937612857142858
EID_4576,0.18937612857142858
EID_17470,0.18937612857142858
EID_14817,0.18937612857142858
EID_21845,0.18937612857142858
EID_21987,0.18937612857142858
EID_1168,0.18937612857142858
EID_14315,0.18937612857142858
EID_5043,0.18937612857142858
EID_1967,0.18937612857142858
EID_22274,0.18937612857142858
EID_11091,0.18937612857142858
EID_18421,0.18937612857142858
EID_8316,0.18937612857142858
EID_13308,0.18937612857142858
EID_19481,0.18937612857142858
EID_17732,0.18937612857142858
EID_4504,0.18937612857142858
EID_2539,0.18937612857142858
EID_19529,0.18937612857142858
EID_2279,0.18937612857142858
EID_14508,0.18937612857142858
EID_12241,0.18937612857142858
EID_11530,0.18937612857142858
EID_20147,0.18937612857142858
EID_6154,0.18937612857142858
EID_3523,0.18937612857142858
EID_20453,0.18937612857142858
EID_11929,0.18937612857142858
EID_12840,0.18937612857142858
EID_22320,0.18937612857142858
EID_25383,0.18937612857142858
EID_10731,0.18937612857142858
EID_1017,0.18937612857142858
EID_1819,0.18937612857142858
EID_22849,0.18937612857142858
EID_12290,0.18937612857142858
EID_24238,0.18937612857142858
EID_3105,0.18937612857142858
EID_14242,0.18937612857142858
EID_16569,0.18937612857142858
EID_8094,0.18937612857142858
EID_7824,0.18937612857142858
EID_8978,0.18937612857142858
EID_25314,0.18937612857142858
EID_17810,0.18937612857142858
EID_14856,0.18937612857142858
EID_22144,0.18937612857142858
EID_23603,0.18937612857142858
EID_7211,0.18937612857142858
EID_19340,0.18937612857142858
EID_1501,0.18937612857142858
EID_22111,0.18937612857142858
EID_16147,0.18937612857142858
EID_16746,0.18937612857142858
EID_20777,0.18937612857142858
EID_12999,0.18937612857142858
EID_21663,0.18937612857142858
EID_11862,0.18937612857142858
EID_17683,0.18937612857142858
EID_19819,0.18937612857142858
EID_21562,0.18937612857142858
EID_24390,0.18937612857142858
EID_14444,0.18937612857142858
EID_3261,0.18937612857142858
EID_7752,0.18937612857142858
EID_3033,0.18937612857142858
EID_22433,0.18937612857142858
EID_23727,0.18937612857142858
EID_24107,0.18937612857142858
EID_22537,0.18937612857142858
EID_13645,0.18937612857142858
EID_16021,0.18937612857142858
EID_19800,0.18937612857142858
EID_1944,0.18937612857142858
EID_15868,0.18937612857142858
EID_22188,0.18937612857142858
EID_13833,0.18937612857142858
EID_15028,0.18937612857142858
EID_24861,0.18937612857142858
EID_13033,0.18937612857142858
EID_23673,0.18937612857142858
EID_13265,0.18937612857142858
EID_23411,0.18937612857142858
EID_3761,0.18937612857142858
EID_7299,0.18937612857142858
EID_2379,0.18937612857142858
EID_18863,0.18937612857142858
EID_12115,0.18937612857142858
EID_23879,0.18937612857142858
EID_16586,0.18937612857142858
EID_19003,0.18937612857142858
EID_11107,0.18937612857142858
EID_15416,0.18937612857142858
EID_19214,0.18937612857142858
EID_5135,0.18937612857142858
EID_22464,0.18937612857142858
EID_22759,0.18937612857142858
EID_17833,0.18937612857142858
EID_17627,0.18937612857142858
EID_25730,0.18937612857142858
EID_2377,0.18937612857142858
EID_18085,0.18937612857142858
EID_14096,0.18937612857142858
EID_8384,0.18937612857142858
EID_17105,0.18937612857142858
EID_9929,0.18937612857142858
EID_13267,0.18937612857142858
EID_12954,0.18937612857142858
EID_4464,0.18937612857142858
EID_11464,0.18937612857142858
EID_19308,0.18937612857142858
EID_17530,0.18937612857142858
EID_6981,0.18937612857142858
EID_19951,0.18937612857142858
EID_1100,0.18937612857142858
EID_25145,0.18937612857142858
EID_15614,0.18937612857142858
EID_2961,0.18937612857142858
EID_1742,0.18937612857142858
EID_2843,0.18937612857142858
EID_9549,0.18937612857142858
EID_12832,0.18937612857142858
EID_17914,0.18937612857142858
EID_22832,0.18937612857142858
EID_5755,0.18937612857142858
EID_1141,0.18937612857142858
EID_18954,0.18937612857142858
EID_10824,0.18937612857142858
EID_24478,0.18937612857142858
EID_14916,0.18937612857142858
EID_4434,0.18937612857142858
EID_23650,0.18937612857142858
EID_16556,0.18937612857142858
EID_24656,0.18937612857142858
EID_25965,0.18937612857142858
EID_9279,0.18937612857142858
EID_13802,0.18937612857142858
EID_2748,0.18937612857142858
EID_17346,0.18937612857142858
EID_1171,0.18937612857142858
EID_1552,0.18937612857142858
EID_20674,0.18937612857142858
EID_2475,0.18937612857142858
EID_16714,0.18937612857142858
EID_7857,0.18937612857142858
EID_3294,0.18937612857142858
EID_2280,0.18937612857142858
EID_10203,0.18937612857142858
EID_22162,0.18937612857142858
EID_10438,0.18937612857142858
EID_12898,0.18937612857142858
EID_4358,0.18937612857142858
EID_6179,0.18937612857142858
EID_2538,0.18937612857142858
EID_13110,0.18937612857142858
EID_24585,0.18937612857142858
EID_1006,0.18937612857142858
EID_11632,0.18937612857142858
EID_21011,0.18937612857142858
EID_16869,0.18937612857142858
EID_20564,0.18937612857142858
EID_12996,0.18937612857142858
EID_1503,0.18937612857142858
EID_23053,0.18937612857142858
EID_22049,0.18937612857142858
EID_4346,0.18937612857142858
EID_1887,0.18937612857142858
EID_16849,0.18937612857142858
EID_10071,0.18937612857142858
EID_11265,0.18937612857142858
EID_12611,0.18937612857142858
EID_25542,0.18937612857142858
EID_11582,0.18937612857142858
EID_19550,0.18937612857142858
EID_5351,0.18937612857142858
EID_3305,0.18937612857142858
EID_18846,0.18937612857142858
EID_24764,0.18937612857142858
EID_2191,0.18937612857142858
EID_6314,0.18937612857142858
EID_23248,0.18937612857142858
EID_4570,0.18937612857142858
EID_16415,0.18937612857142858
EID_11002,0.18937612857142858
EID_20498,0.18937612857142858
EID_7846,0.18937612857142858
EID_24121,0.18937612857142858
EID_7536,0.18937612857142858
EID_2015,0.18937612857142858
EID_7934,0.18937612857142858
EID_20903,0.18937612857142858
EID_17535,0.18937612857142858
EID_19760,0.18937612857142858
EID_9550,0.18937612857142858
EID_4261,0.18937612857142858
EID_19753,0.18937612857142858
EID_13542,0.18937612857142858
EID_24283,0.18937612857142858
EID_7552,0.18937612857142858
EID_11577,0.18937612857142858
EID_3228,0.18937612857142858
EID_17468,0.18937612857142858
EID_15815,0.18937612857142858
EID_2093,0.18937612857142858
EID_21356,0.18937612857142858
EID_12357,0.18937612857142858
EID_18495,0.18937612857142858
EID_5098,0.18937612857142858
EID_12691,0.18937612857142858
EID_13240,0.18937612857142858
EID_19312,0.18937612857142858
EID_23914,0.18937612857142858
EID_23175,0.18937612857142858
EID_15413,0.18937612857142858
EID_4785,0.18937612857142858
EID_25933,0.18937612857142858
EID_22705,0.18937612857142858
EID_19350,0.18937612857142858
EID_5369,0.18937612857142858
EID_20410,0.18937612857142858
EID_12557,0.18937612857142858
EID_17678,0.18937612857142858
EID_1342,0.18937612857142858
EID_12230,0.18937612857142858
EID_1311,0.18937612857142858
EID_5860,0.18937612857142858
EID_4259,0.18937612857142858
EID_10209,0.18937612857142858
EID_2300,0.18937612857142858
EID_17408,0.18937612857142858
EID_1883,0.18937612857142858
EID_1053,0.18937612857142858
EID_23610,0.18937612857142858
EID_17585,0.18937612857142858
EID_20845,0.18937612857142858
EID_15683,0.18937612857142858
EID_11976,0.18937612857142858
EID_12031,0.18937612857142858
EID_1711,0.18937612857142858
EID_6239,0.18937612857142858
EID_25541,0.18937612857142858
EID_9308,0.18937612857142858
EID_18168,0.18937612857142858
EID_11934,0.18937612857142858
EID_23472,0.18937612857142858
EID_13731,0.18937612857142858
EID_16069,0.18937612857142858
EID_18276,0.18937612857142858
EID_6141,0.18937612857142858
EID_12061,0.18937612857142858
EID_9450,0.18937612857142858
EID_21730,0.18937612857142858
EID_19506,0.18937612857142858
EID_13552,0.18937612857142858
EID_9945,0.18937612857142858
EID_1924,0.18937612857142858
EID_18453,0.18937612857142858
EID_20225,0.18937612857142858
EID_18673,0.18937612857142858
EID_11420,0.18937612857142858
EID_16631,0.18937612857142858
EID_21237,0.18937612857142858
EID_5015,0.18937612857142858
EID_20179,0.18937612857142858
EID_12073,0.18937612857142858
EID_21147,0.18937612857142858
EID_6714,0.18937612857142858
EID_10645,0.18937612857142858
EID_18298,0.18937612857142858
EID_2640,0.18937612857142858
EID_2318,0.18937612857142858
EID_25226,0.18937612857142858
EID_24099,0.18937612857142858
EID_20938,0.18937612857142858
EID_8377,0.18937612857142858
EID_7023,0.18937612857142858
EID_11385,0.18937612857142858
EID_15016,0.18937612857142858
EID_25794,0.18937612857142858
EID_11494,0.18937612857142858
EID_2425,0.18937612857142858
EID_9847,0.18937612857142858
EID_3570,0.18937612857142858
EID_13573,0.18937612857142858
EID_13780,0.18937612857142858
EID_2949,0.18937612857142858
EID_19834,0.18937612857142858
EID_11384,0.18937612857142858
EID_23154,0.18937612857142858
EID_9337,0.18937612857142858
EID_3653,0.18937612857142858
EID_4850,0.18937612857142858
EID_16283,0.18937612857142858
EID_5107,0.18937612857142858
EID_25156,0.18937612857142858
EID_17223,0.18937612857142858
EID_14695,0.18937612857142858
EID_11374,0.18937612857142858
EID_13672,0.18937612857142858
EID_6782,0.18937612857142858
EID_25074,0.18937612857142858
EID_21087,0.18937612857142858
EID_13017,0.18937612857142858
EID_9947,0.18937612857142858
EID_21221,0.18937612857142858
EID_21639,0.18937612857142858
EID_20333,0.18937612857142858
EID_2970,0.18937612857142858
EID_7624,0.18937612857142858
EID_15741,0.18937612857142858
EID_1312,0.18937612857142858
EID_19575,0.18937612857142858
EID_21047,0.18937612857142858
EID_11969,0.18937612857142858
EID_19145,0.18937612857142858
EID_9871,0.18937612857142858
EID_18852,0.18937612857142858
EID_22326,0.18937612857142858
EID_7259,0.18937612857142858
EID_21920,0.18937612857142858
EID_1436,0.18937612857142858
EID_8261,0.18937612857142858
EID_23228,0.18937612857142858
EID_5560,0.18937612857142858
EID_22357,0.18937612857142858
EID_4816,0.18937612857142858
EID_10000,0.18937612857142858
EID_21908,0.18937612857142858
EID_14887,0.18937612857142858
EID_12497,0.18937612857142858
EID_17976,0.18937612857142858
EID_17356,0.18937612857142858
EID_9785,0.18937612857142858
EID_16224,0.18937612857142858
EID_6020,0.18937612857142858
EID_20716,0.18937612857142858
EID_11351,0.18937612857142858
EID_20899,0.18937612857142858
EID_9718,0.18937612857142858
EID_9479,0.18937612857142858
EID_25048,0.18937612857142858
EID_23370,0.18937612857142858
EID_13877,0.18937612857142858
EID_12256,0.18937612857142858
EID_1903,0.18937612857142858
EID_8830,0.18937612857142858
EID_22060,0.18937612857142858
EID_11996,0.18937612857142858
EID_21061,0.18937612857142858
EID_22604,0.18937612857142858
EID_18463,0.18937612857142858
EID_11375,0.18937612857142858
EID_2685,0.18937612857142858
EID_16010,0.18937612857142858
EID_19288,0.18937612857142858
EID_9283,0.18937612857142858
EID_11122,0.18937612857142858
EID_6638,0.18937612857142858
EID_25516,0.18937612857142858
EID_3864,0.18937612857142858
EID_9746,0.18937612857142858
EID_8407,0.18937612857142858
EID_25463,0.18937612857142858
EID_23098,0.18937612857142858
EID_22512,0.18937612857142858
EID_14671,0.18937612857142858
EID_18482,0.18937612857142858
EID_8151,0.18937612857142858
EID_16624,0.18937612857142858
EID_1983,0.18937612857142858
EID_18445,0.18937612857142858
EID_11891,0.18937612857142858
EID_2010,0.18937612857142858
EID_4592,0.18937612857142858
EID_17412,0.18937612857142858
EID_24883,0.18937612857142858
EID_15661,0.18937612857142858
EID_11757,0.18937612857142858
EID_2627,0.18937612857142858
EID_13243,0.18937612857142858
EID_10917,0.18937612857142858
EID_4360,0.18937612857142858
EID_13536,0.18937612857142858
EID_10695,0.18937612857142858
EID_5746,0.18937612857142858
EID_1178,0.18937612857142858
EID_15290,0.18937612857142858
EID_3540,0.18937612857142858
EID_14684,0.18937612857142858
EID_7914,0.18937612857142858
EID_23733,0.18937612857142858
EID_5907,0.18937612857142858
EID_5142,0.18937612857142858
EID_7686,0.18937612857142858
EID_12078,0.18937612857142858
EID_4880,0.18937612857142858
EID_1527,0.18937612857142858
EID_15919,0.18937612857142858
EID_1260,0.18937612857142858
EID_22377,0.18937612857142858
EID_7876,0.18937612857142858
EID_1213,0.18937612857142858
EID_4161,0.18937612857142858
EID_3214,0.18937612857142858
EID_17651,0.18937612857142858
EID_8005,0.18937612857142858
EID_12852,0.18937612857142858
EID_21465,0.18937612857142858
EID_7371,0.18937612857142858
EID_25687,0.18937612857142858
EID_17222,0.18937612857142858
EID_1994,0.18937612857142858
EID_22384,0.18937612857142858
EID_6344,0.18937612857142858
EID_18801,0.18937612857142858
EID_13688,0.18937612857142858
EID_13779,0.18937612857142858
EID_24969,0.18937612857142858
EID_15311,0.18937612857142858
EID_9095,0.18937612857142858
EID_11675,0.18937612857142858
EID_14870,0.18937612857142858
EID_1575,0.18937612857142858
EID_7440,0.18937612857142858
EID_24259,0.18937612857142858
EID_19501,0.18937612857142858
EID_23743,0.18937612857142858
EID_13287,0.18937612857142858
EID_2226,0.18937612857142858
EID_22439,0.18937612857142858
EID_16078,0.18937612857142858
EID_18895,0.18937612857142858
EID_19860,0.18937612857142858
EID_24564,0.18937612857142858
EID_21747,0.18937612857142858
EID_4659,0.18937612857142858
EID_24149,0.18937612857142858
EID_13300,0.18937612857142858
EID_16950,0.18937612857142858
EID_23778,0.18937612857142858
EID_14691,0.18937612857142858
EID_10789,0.18937612857142858
EID_5525,0.18937612857142858
EID_19424,0.18937612857142858
EID_6171,0.18937612857142858
EID_19569,0.18937612857142858
EID_4602,0.18937612857142858
EID_17919,0.18937612857142858
EID_4286,0.18937612857142858
EID_1973,0.18937612857142858
EID_25715,0.18937612857142858
EID_23385,0.18937612857142858
EID_13681,0.18937612857142858
EID_25410,0.18937612857142858
EID_18267,0.18937612857142858
EID_15252,0.18937612857142858
EID_23214,0.18937612857142858
EID_18551,0.18937612857142858
EID_2401,0.18937612857142858
EID_7609,0.18937612857142858
EID_21291,0.18937612857142858
EID_10126,0.18937612857142858
EID_19714,0.18937612857142858
EID_4911,0.18937612857142858
EID_12505,0.18937612857142858
EID_10377,0.18937612857142858
EID_3407,0.18937612857142858
EID_3386,0.18937612857142858
EID_7623,0.18937612857142858
EID_19517,0.18937612857142858
EID_21782,0.18937612857142858
EID_12361,0.18937612857142858
EID_21171,0.18937612857142858
EID_17836,0.18937612857142858
EID_20286,0.18937612857142858
EID_25798,0.18937612857142858
EID_15699,0.18937612857142858
EID_17006,0.18937612857142858
EID_22476,0.18937612857142858
EID_9406,0.18937612857142858
EID_13559,0.18937612857142858
EID_1340,0.18937612857142858
EID_17848,0.18937612857142858
EID_20358,0.18937612857142858
EID_14265,0.18937612857142858
EID_9820,0.18937612857142858
EID_13755,0.18937612857142858
EID_13293,0.18937612857142858
EID_25837,0.18937612857142858
EID_20466,0.18937612857142858
EID_11032,0.18937612857142858
EID_2399,0.18937612857142858
EID_23917,0.18937612857142858
EID_17011,0.18937612857142858
EID_8967,0.18937612857142858
EID_24468,0.18937612857142858
EID_8435,0.18937612857142858
EID_17953,0.18937612857142858
EID_7140,0.18937612857142858
EID_24404,0.18937612857142858
EID_14380,0.18937612857142858
EID_1232,0.18937612857142858
EID_1573,0.18937612857142858
EID_3684,0.18937612857142858
EID_15824,0.18937612857142858
EID_9212,0.18937612857142858
EID_21121,0.18937612857142858
EID_6346,0.18937612857142858
EID_9525,0.18937612857142858
EID_9726,0.18937612857142858
EID_2526,0.18937612857142858
EID_4228,0.18937612857142858
EID_14595,0.18937612857142858
EID_15856,0.18937612857142858
EID_6768,0.18937612857142858
EID_23953,0.18937612857142858
EID_19059,0.18937612857142858
EID_5268,0.18937612857142858
EID_7619,0.18937612857142858
EID_23028,0.18937612857142858
EID_22104,0.18937612857142858
EID_10318,0.18937612857142858
EID_25369,0.18937612857142858
EID_16633,0.18937612857142858
EID_15848,0.18937612857142858
EID_2240,0.18937612857142858
EID_1059,0.18937612857142858
EID_9315,0.18937612857142858
EID_15388,0.18937612857142858
EID_9984,0.18937612857142858
EID_4296,0.18937612857142858
EID_10927,0.18937612857142858
EID_25054,0.18937612857142858
EID_1884,0.18937612857142858
EID_21960,0.18937612857142858
EID_5572,0.18937612857142858
EID_16872,0.18937612857142858
EID_24525,0.18937612857142858
EID_14237,0.18937612857142858
EID_7114,0.18937612857142858
EID_7448,0.18937612857142858
EID_17668,0.18937612857142858
EID_7674,0.18937612857142858
EID_5884,0.18937612857142858
EID_13942,0.18937612857142858
EID_13098,0.18937612857142858
EID_7695,0.18937612857142858
EID_5350,0.18937612857142858
EID_22853,0.18937612857142858
EID_2385,0.18937612857142858
EID_18006,0.18937612857142858
EID_12875,0.18937612857142858
EID_5478,0.18937612857142858
EID_18690,0.18937612857142858
EID_12545,0.18937612857142858
EID_13888,0.18937612857142858
EID_9732,0.18937612857142858
EID_18001,0.18937612857142858
EID_17479,0.18937612857142858
EID_23757,0.18937612857142858
EID_1303,0.18937612857142858
EID_5375,0.18937612857142858
EID_5869,0.18937612857142858
EID_8825,0.18937612857142858
EID_22567,0.18937612857142858
EID_16273,0.18937612857142858
EID_20618,0.18937612857142858
EID_3608,0.18937612857142858
EID_8806,0.18937612857142858
EID_23170,0.18937612857142858
EID_12243,0.18937612857142858
EID_20089,0.18937612857142858
EID_16852,0.18937612857142858
EID_18312,0.18937612857142858
EID_14010,0.18937612857142858
EID_14705,0.18937612857142858
EID_20956,0.18937612857142858
EID_18794,0.18937612857142858
EID_1629,0.18937612857142858
EID_25483,0.18937612857142858
EID_4542,0.18937612857142858
EID_10076,0.18937612857142858
EID_9469,0.18937612857142858
EID_25284,0.18937612857142858
EID_11972,0.18937612857142858
EID_1798,0.18937612857142858
EID_21903,0.18937612857142858
EID_20031,0.18937612857142858
EID_20365,0.18937612857142858
EID_9210,0.18937612857142858
EID_19750,0.18937612857142858
EID_4006,0.18937612857142858
EID_24922,0.18937612857142858
EID_4760,0.18937612857142858
EID_11035,0.18937612857142858
EID_21008,0.18937612857142858
EID_23731,0.18937612857142858
EID_21788,0.18937612857142858
EID_5428,0.18937612857142858
EID_14023,0.18937612857142858
EID_2937,0.18937612857142858
EID_16931,0.18937612857142858
EID_18299,0.18937612857142858
EID_6660,0.18937612857142858
EID_23187,0.18937612857142858
EID_14868,0.18937612857142858
EID_23247,0.18937612857142858
EID_15971,0.18937612857142858
EID_7852,0.18937612857142858
EID_7017,0.18937612857142858
EID_7494,0.18937612857142858
EID_18706,0.18937612857142858
EID_22784,0.18937612857142858
EID_10756,0.18937612857142858
EID_6854,0.18937612857142858
EID_12554,0.18937612857142858
EID_1162,0.18937612857142858
EID_19581,0.18937612857142858
EID_2169,0.18937612857142858
EID_25149,0.18937612857142858
EID_22575,0.18937612857142858
EID_2265,0.18937612857142858
EID_19668,0.18937612857142858
EID_19245,0.18937612857142858
EID_8194,0.18937612857142858
EID_8081,0.18937612857142858
EID_8670,0.18937612857142858
EID_7992,0.18937612857142858
EID_6596,0.18937612857142858
EID_3699,0.18937612857142858
EID_9698,0.18937612857142858
EID_1847,0.18937612857142858
EID_16179,0.18937612857142858
EID_23663,0.18937612857142858
EID_24287,0.18937612857142858
EID_3527,0.18937612857142858
EID_18652,0.18937612857142858
EID_24110,0.18937612857142858
EID_21419,0.18937612857142858
EID_12865,0.18937612857142858
EID_9237,0.18937612857142858
EID_20408,0.18937612857142858
EID_22934,0.18937612857142858
EID_6492,0.18937612857142858
EID_20285,0.18937612857142858
EID_1286,0.18937612857142858
EID_12542,0.18937612857142858
EID_5523,0.18937612857142858
EID_1979,0.18937612857142858
EID_23146,0.18937612857142858
EID_4773,0.18937612857142858
EID_8785,0.18937612857142858
EID_4463,0.18937612857142858
EID_24028,0.18937612857142858
EID_20920,0.18937612857142858
EID_21392,0.18937612857142858
EID_4079,0.18937612857142858
EID_5173,0.18937612857142858
EID_22915,0.18937612857142858
EID_18347,0.18937612857142858
EID_7984,0.18937612857142858
EID_25148,0.18937612857142858
EID_4350,0.18937612857142858
EID_6909,0.18937612857142858
EID_10582,0.18937612857142858
EID_6248,0.18937612857142858
EID_10035,0.18937612857142858
EID_24603,0.18937612857142858
EID_1794,0.18937612857142858
EID_9407,0.18937612857142858
EID_2114,0.18937612857142858
EID_21125,0.18937612857142858
EID_15046,0.18937612857142858
EID_8058,0.18937612857142858
EID_1961,0.18937612857142858
EID_23324,0.18937612857142858
EID_21521,0.18937612857142858
EID_11043,0.18937612857142858
EID_6461,0.18937612857142858
EID_10398,0.18937612857142858
EID_20635,0.18937612857142858
EID_22940,0.18937612857142858
EID_8582,0.18937612857142858
EID_12770,0.18937612857142858
EID_15982,0.18937612857142858
EID_19692,0.18937612857142858
EID_18304,0.18937612857142858
EID_13603,0.18937612857142858
EID_6145,0.18937612857142858
EID_16587,0.18937612857142858
EID_16835,0.18937612857142858
EID_8399,0.18937612857142858
EID_7012,0.18937612857142858
EID_20575,0.18937612857142858
EID_20747,0.18937612857142858
EID_3907,0.18937612857142858
EID_22626,0.18937612857142858
EID_4442,0.18937612857142858
EID_18034,0.18937612857142858
EID_16055,0.18937612857142858
EID_21684,0.18937612857142858
EID_17499,0.18937612857142858
EID_1222,0.18937612857142858
EID_17204,0.18937612857142858
EID_22732,0.18937612857142858
EID_8539,0.18937612857142858
EID_23136,0.18937612857142858
EID_24470,0.18937612857142858
EID_17404,0.18937612857142858
EID_21498,0.18937612857142858
EID_19495,0.18937612857142858
EID_23966,0.18937612857142858
EID_1388,0.18937612857142858
EID_7374,0.18937612857142858
EID_25441,0.18937612857142858
EID_16616,0.18937612857142858
EID_7654,0.18937612857142858
EID_4217,0.18937612857142858
EID_9968,0.18937612857142858
EID_17830,0.18937612857142858
EID_12023,0.18937612857142858
EID_24002,0.18937612857142858
EID_11371,0.18937612857142858
EID_11096,0.18937612857142858
EID_24835,0.18937612857142858
EID_17439,0.18937612857142858
EID_6587,0.18937612857142858
EID_21946,0.18937612857142858
EID_5431,0.18937612857142858
EID_4723,0.18937612857142858
EID_11535,0.18937612857142858
EID_2330,0.18937612857142858
EID_23531,0.18937612857142858
EID_8913,0.18937612857142858
EID_21273,0.18937612857142858
EID_11927,0.18937612857142858
EID_1385,0.18937612857142858
EID_15758,0.18937612857142858
EID_1023,0.18937612857142858
EID_8959,0.18937612857142858
EID_12911,0.18937612857142858
EID_15925,0.18937612857142858
EID_17769,0.18937612857142858
EID_19842,0.18937612857142858
EID_15875,0.18937612857142858
EID_21284,0.18937612857142858
EID_24825,0.18937612857142858
EID_23825,0.18937612857142858
EID_13001,0.18937612857142858
EID_25601,0.18937612857142858
EID_24670,0.18937612857142858
EID_24412,0.18937612857142858
EID_18712,0.18937612857142858
EID_21138,0.18937612857142858
EID_19335,0.18937612857142858
EID_16753,0.18937612857142858
EID_24399,0.18937612857142858
EID_12567,0.18937612857142858
EID_22161,0.18937612857142858
EID_12609,0.18937612857142858
EID_22249,0.18937612857142858
EID_5314,0.18937612857142858
EID_1897,0.18937612857142858
EID_22507,0.18937612857142858
EID_2878,0.18937612857142858
EID_10098,0.18937612857142858
EID_18435,0.18937612857142858
EID_8063,0.18937612857142858
EID_3512,0.18937612857142858
EID_24444,0.18937612857142858
EID_9813,0.18937612857142858
EID_25132,0.18937612857142858
EID_5613,0.18937612857142858
EID_14062,0.18937612857142858
EID_20073,0.18937612857142858
EID_12506,0.18937612857142858
EID_1092,0.18937612857142858
EID_15895,0.18937612857142858
EID_1039,0.18937612857142858
EID_22016,0.18937612857142858
EID_6764,0.18937612857142858
EID_17384,0.18937612857142858
EID_8705,0.18937612857142858
EID_14832,0.18937612857142858
EID_16473,0.18937612857142858
EID_11186,0.18937612857142858
EID_7476,0.18937612857142858
EID_19671,0.18937612857142858
EID_14001,0.18937612857142858
EID_10658,0.18937612857142858
EID_6668,0.18937612857142858
EID_13786,0.18937612857142858
EID_11224,0.18937612857142858
EID_13296,0.18937612857142858
EID_22145,0.18937612857142858
EID_6494,0.18937612857142858
EID_1649,0.18937612857142858
EID_20878,0.18937612857142858
EID_3790,0.18937612857142858
EID_9257,0.18937612857142858
EID_14917,0.18937612857142858
EID_22052,0.18937612857142858
EID_1198,0.18937612857142858
EID_8478,0.18937612857142858
EID_2071,0.18937612857142858
EID_1250,0.18937612857142858
EID_9000,0.18937612857142858
EID_17319,0.18937612857142858
EID_21794,0.18937612857142858
EID_23350,0.18937612857142858
EID_16278,0.18937612857142858
EID_3330,0.18937612857142858
EID_12584,0.18937612857142858
EID_9354,0.18937612857142858
EID_15007,0.18937612857142858
EID_11656,0.18937612857142858
EID_22526,0.18937612857142858
EID_11027,0.18937612857142858
EID_21588,0.18937612857142858
EID_13717,0.18937612857142858
EID_8073,0.18937612857142858
EID_15972,0.18937612857142858
EID_5730,0.18937612857142858
EID_23968,0.18937612857142858
EID_4299,0.18937612857142858
EID_6302,0.18937612857142858
EID_6974,0.18937612857142858
EID_4829,0.18937612857142858
EID_21139,0.18937612857142858
EID_23456,0.18937612857142858
EID_20110,0.18937612857142858
EID_20342,0.18937612857142858
EID_15238,0.18937612857142858
EID_10349,0.18937612857142858
EID_10077,0.18937612857142858
EID_22330,0.18937612857142858
EID_4368,0.18937612857142858
EID_8859,0.18937612857142858
EID_24277,0.18937612857142858
EID_1061,0.18937612857142858
EID_5597,0.18937612857142858
EID_4820,0.18937612857142858
EID_5863,0.18937612857142858
EID_23680,0.18937612857142858
EID_5542,0.18937612857142858
EID_6203,0.18937612857142858
EID_5355,0.18937612857142858
EID_19669,0.18937612857142858
EID_21725,0.18937612857142858
EID_2138,0.18937612857142858
EID_24278,0.18937612857142858
EID_6591,0.18937612857142858
EID_21056,0.18937612857142858
EID_18759,0.18937612857142858
EID_12059,0.18937612857142858
EID_11077,0.18937612857142858
EID_17216,0.18937612857142858
EID_15655,0.18937612857142858
EID_19017,0.18937612857142858
EID_17846,0.18937612857142858
EID_6418,0.18937612857142858
EID_25942,0.18937612857142858
EID_5420,0.18937612857142858
EID_11764,0.18937612857142858
EID_16483,0.18937612857142858
EID_1901,0.18937612857142858
EID_21480,0.18937612857142858
EID_8006,0.18937612857142858
EID_1282,0.18937612857142858
EID_6895,0.18937612857142858
EID_13677,0.18937612857142858
EID_6071,0.18937612857142858
EID_14425,0.18937612857142858
EID_22685,0.18937612857142858
EID_20203,0.18937612857142858
EID_19161,0.18937612857142858
EID_1947,0.18937612857142858
EID_16574,0.18937612857142858
EID_2561,0.18937612857142858
EID_20668,0.18937612857142858
EID_7831,0.18937612857142858
EID_8769,0.18937612857142858
EID_25191,0.18937612857142858
EID_15590,0.18937612857142858
EID_12458,0.18937612857142858
EID_11406,0.18937612857142858
EID_17629,0.18937612857142858
EID_4632,0.18937612857142858
EID_18455,0.18937612857142858
EID_23077,0.18937612857142858
EID_25024,0.18937612857142858
EID_6269,0.18937612857142858
EID_12100,0.18937612857142858
EID_23190,0.18937612857142858
EID_9030,0.18937612857142858
EID_12359,0.18937612857142858
EID_12041,0.18937612857142858
EID_2019,0.18937612857142858
EID_22974,0.18937612857142858
EID_10351,0.18937612857142858
EID_23630,0.18937612857142858
EID_7309,0.18937612857142858
EID_19821,0.18937612857142858
EID_4033,0.18937612857142858
EID_3435,0.18937612857142858
EID_5759,0.18937612857142858
EID_12826,0.18937612857142858
EID_8148,0.18937612857142858
EID_16088,0.18937612857142858
EID_15783,0.18937612857142858
EID_19521,0.18937612857142858
EID_13016,0.18937612857142858
EID_13708,0.18937612857142858
EID_4237,0.18937612857142858
EID_3620,0.18937612857142858
EID_10042,0.18937612857142858
EID_8833,0.18937612857142858
EID_21028,0.18937612857142858
EID_3485,0.18937612857142858
EID_23372,0.18937612857142858
EID_19410,0.18937612857142858
EID_6598,0.18937612857142858
EID_25371,0.18937612857142858
EID_19483,0.18937612857142858
EID_22826,0.18937612857142858
EID_23606,0.18937612857142858
EID_9346,0.18937612857142858
EID_1608,0.18937612857142858
EID_1603,0.18937612857142858
EID_23041,0.18937612857142858
EID_7801,0.18937612857142858
EID_22456,0.18937612857142858
EID_24428,0.18937612857142858
EID_10811,0.18937612857142858
EID_24566,0.18937612857142858
EID_2531,0.18937612857142858
EID_10878,0.18937612857142858
EID_19548,0.18937612857142858
EID_11988,0.18937612857142858
EID_11378,0.18937612857142858
EID_9896,0.18937612857142858
EID_17323,0.18937612857142858
EID_24976,0.18937612857142858
EID_11249,0.18937612857142858
EID_20395,0.18937612857142858
EID_18262,0.18937612857142858
EID_14670,0.18937612857142858
EID_12880,0.18937612857142858
EID_1406,0.18937612857142858
EID_23014,0.18937612857142858
EID_5224,0.18937612857142858
EID_3232,0.18937612857142858
EID_22327,0.18937612857142858
EID_2285,0.18937612857142858
EID_20468,0.18937612857142858
EID_4443,0.18937612857142858
EID_15641,0.18937612857142858
EID_8106,0.18937612857142858
EID_13958,0.18937612857142858
EID_10214,0.18937612857142858
EID_17739,0.18937612857142858
EID_13347,0.18937612857142858
EID_23453,0.18937612857142858
EID_1477,0.18937612857142858
EID_20224,0.18937612857142858
EID_2362,0.18937612857142858
EID_21421,0.18937612857142858
EID_7860,0.18937612857142858
EID_10286,0.18937612857142858
EID_7184,0.18937612857142858
EID_21742,0.18937612857142858
EID_21610,0.18937612857142858
EID_19375,0.18937612857142858
EID_18564,0.18937612857142858
EID_19108,0.18937612857142858
EID_17928,0.18937612857142858
EID_25613,0.18937612857142858
EID_23787,0.18937612857142858
EID_2392,0.18937612857142858
EID_7574,0.18937612857142858
EID_9810,0.18937612857142858
EID_14332,0.18937612857142858
EID_20937,0.18937612857142858
EID_7827,0.18937612857142858
EID_7457,0.18937612857142858
EID_11152,0.18937612857142858
EID_12917,0.18937612857142858
EID_18590,0.18937612857142858
EID_15327,0.18937612857142858
EID_11687,0.18937612857142858
EID_5179,0.18937612857142858
EID_5623,0.18937612857142858
EID_25331,0.18937612857142858
EID_24386,0.18937612857142858
EID_6507,0.18937612857142858
EID_7842,0.18937612857142858
EID_12018,0.18937612857142858
EID_6640,0.18937612857142858
EID_9872,0.18937612857142858
EID_2331,0.18937612857142858
EID_19685,0.18937612857142858
EID_25701,0.18937612857142858
EID_25681,0.18937612857142858
EID_20151,0.18937612857142858
EID_8980,0.18937612857142858
EID_12719,0.18937612857142858
EID_20075,0.18937612857142858
EID_14984,0.18937612857142858
EID_8177,0.18937612857142858
EID_1360,0.18937612857142858
EID_24812,0.18937612857142858
EID_8480,0.18937612857142858
EID_14567,0.18937612857142858
EID_16194,0.18937612857142858
EID_10020,0.18937612857142858
EID_7321,0.18937612857142858
EID_15387,0.18937612857142858
EID_19419,0.18937612857142858
EID_20496,0.18937612857142858
EID_1308,0.18937612857142858
EID_14770,0.18937612857142858
EID_21893,0.18937612857142858
EID_10990,0.18937612857142858
EID_17521,0.18937612857142858
EID_15274,0.18937612857142858
EID_24001,0.18937612857142858
EID_4111,0.18937612857142858
EID_4284,0.18937612857142858
EID_19682,0.18937612857142858
EID_14871,0.18937612857142858
EID_18152,0.18937612857142858
EID_12520,0.18937612857142858
EID_4739,0.18937612857142858
EID_8424,0.18937612857142858
EID_23600,0.18937612857142858
EID_25891,0.18937612857142858
EID_11618,0.18937612857142858
EID_12674,0.18937612857142858
EID_5999,0.18937612857142858
EID_18063,0.18937612857142858
EID_14859,0.18937612857142858
EID_20353,0.18937612857142858
EID_22962,0.18937612857142858
EID_19650,0.18937612857142858
EID_6108,0.18937612857142858
EID_19012,0.18937612857142858
EID_22925,0.18937612857142858
EID_15619,0.18937612857142858
EID_19998,0.18937612857142858
EID_20052,0.18937612857142858
EID_25044,0.18937612857142858
EID_5422,0.18937612857142858
EID_15354,0.18937612857142858
EID_3804,0.18937612857142858
EID_23277,0.18937612857142858
EID_12336,0.18937612857142858
EID_24839,0.18937612857142858
EID_1651,0.18937612857142858
EID_24355,0.18937612857142858
EID_24276,0.18937612857142858
EID_10346,0.18937612857142858
EID_9579,0.18937612857142858
EID_23242,0.18937612857142858
EID_23541,0.18937612857142858
EID_14741,0.18937612857142858
EID_7783,0.18937612857142858
EID_12569,0.18937612857142858
EID_3834,0.18937612857142858
EID_6799,0.18937612857142858
EID_15609,0.18937612857142858
EID_5496,0.18937612857142858
EID_5080,0.18937612857142858
EID_14834,0.18937612857142858
EID_18266,0.18937612857142858
EID_1182,0.18937612857142858
EID_6445,0.18937612857142858
EID_18656,0.18937612857142858
EID_24011,0.18937612857142858
EID_25093,0.18937612857142858
EID_11334,0.18937612857142858
EID_15785,0.18937612857142858
EID_8060,0.18937612857142858
EID_4349,0.18937612857142858
EID_22525,0.18937612857142858
EID_1231,0.18937612857142858
EID_2127,0.18937612857142858
EID_4047,0.18937612857142858
EID_12989,0.18937612857142858
EID_17726,0.18937612857142858
EID_1602,0.18937612857142858
EID_5945,0.18937612857142858
EID_15166,0.18937612857142858
EID_25317,0.18937612857142858
EID_18848,0.18937612857142858
EID_14455,0.18937612857142858
EID_9724,0.18937612857142858
EID_22697,0.18937612857142858
EID_16505,0.18937612857142858
EID_11616,0.18937612857142858
EID_10352,0.18937612857142858
EID_24093,0.18937612857142858
EID_11826,0.18937612857142858
EID_24211,0.18937612857142858
EID_14709,0.18937612857142858
EID_18747,0.18937612857142858
EID_16077,0.18937612857142858
EID_15440,0.18937612857142858
EID_4935,0.18937612857142858
EID_13791,0.18937612857142858
EID_16876,0.18937612857142858
EID_1335,0.18937612857142858
EID_19086,0.18937612857142858
EID_12872,0.18937612857142858
EID_11623,0.18937612857142858
EID_7807,0.18937612857142858
EID_9605,0.18937612857142858
EID_12736,0.18937612857142858
EID_20565,0.18937612857142858
EID_17225,0.18937612857142858
EID_19974,0.18937612857142858
EID_16045,0.18937612857142858
EID_2082,0.18937612857142858
EID_22219,0.18937612857142858
EID_19439,0.18937612857142858
EID_2979,0.18937612857142858
EID_24414,0.18937612857142858
EID_15148,0.18937612857142858
EID_10690,0.18937612857142858
EID_16346,0.18937612857142858
EID_22752,0.18937612857142858
EID_21746,0.18937612857142858
EID_1705,0.18937612857142858
EID_7498,0.18937612857142858
EID_6874,0.18937612857142858
EID_4543,0.18937612857142858
EID_8931,0.18937612857142858
EID_16435,0.18937612857142858
EID_16767,0.18937612857142858
EID_3058,0.18937612857142858
EID_16381,0.18937612857142858
EID_17190,0.18937612857142858
EID_7079,0.18937612857142858
EID_10191,0.18937612857142858
EID_1378,0.18937612857142858
EID_20222,0.18937612857142858
EID_6156,0.18937612857142858
EID_5975,0.18937612857142858
EID_18682,0.18937612857142858
EID_8837,0.18937612857142858
EID_24686,0.18937612857142858
EID_9869,0.18937612857142858
EID_14673,0.18937612857142858
EID_14443,0.18937612857142858
EID_21591,0.18937612857142858
EID_25240,0.18937612857142858
EID_18365,0.18937612857142858
EID_9260,0.18937612857142858
EID_10696,0.18937612857142858
EID_18012,0.18937612857142858
EID_17421,0.18937612857142858
EID_23615,0.18937612857142858
EID_14132,0.18937612857142858
EID_13168,0.18937612857142858
EID_16973,0.18937612857142858
EID_13426,0.18937612857142858
EID_1493,0.18937612857142858
EID_3994,0.18937612857142858
EID_10574,0.18937612857142858
EID_12394,0.18937612857142858
EID_4781,0.18937612857142858
EID_24911,0.18937612857142858
EID_3205,0.18937612857142858
EID_25568,0.18937612857142858
EID_4343,0.18937612857142858
EID_4330,0.18937612857142858
EID_12518,0.18937612857142858
EID_18426,0.18937612857142858
EID_3862,0.18937612857142858
EID_13478,0.18937612857142858
EID_5607,0.18937612857142858
EID_22353,0.18937612857142858
EID_18346,0.18937612857142858
EID_5978,0.18937612857142858
EID_3391,0.18937612857142858
EID_8525,0.18937612857142858
EID_5245,0.18937612857142858
EID_11791,0.18937612857142858
EID_22913,0.18937612857142858
EID_15587,0.18937612857142858
EID_4851,0.18937612857142858
EID_3432,0.18937612857142858
EID_13090,0.18937612857142858
EID_15117,0.18937612857142858
EID_22004,0.18937612857142858
EID_16053,0.18937612857142858
EID_16458,0.18937612857142858
EID_8021,0.18937612857142858
EID_24385,0.18937612857142858
EID_7053,0.18937612857142858
EID_13544,0.18937612857142858
EID_9014,0.18937612857142858
EID_9246,0.18937612857142858
EID_15642,0.18937612857142858
EID_12295,0.18937612857142858
EID_7925,0.18937612857142858
EID_18473,0.18937612857142858
EID_19427,0.18937612857142858
EID_17027,0.18937612857142858
EID_22093,0.18937612857142858
EID_25611,0.18937612857142858
EID_20490,0.18937612857142858
EID_4204,0.18937612857142858
EID_2604,0.18937612857142858
EID_16152,0.18937612857142858
EID_8563,0.18937612857142858
EID_18620,0.18937612857142858
EID_11012,0.18937612857142858
EID_19598,0.18937612857142858
EID_13159,0.18937612857142858
EID_13171,0.18937612857142858
EID_8374,0.18937612857142858
EID_9838,0.18937612857142858
EID_18489,0.18937612857142858
EID_17451,0.18937612857142858
EID_7269,0.18937612857142858
EID_20548,0.18937612857142858
EID_9466,0.18937612857142858
EID_16085,0.18937612857142858
EID_24082,0.18937612857142858
EID_5078,0.18937612857142858
EID_23951,0.18937612857142858
EID_8327,0.18937612857142858
EID_5904,0.18937612857142858
EID_11085,0.18937612857142858
EID_21437,0.18937612857142858
EID_7471,0.18937612857142858
EID_12046,0.18937612857142858
EID_18653,0.18937612857142858
EID_14175,0.18937612857142858
EID_5514,0.18937612857142858
EID_20148,0.18937612857142858
EID_14260,0.18937612857142858
EID_15574,0.18937612857142858
EID_7287,0.18937612857142858
EID_18889,0.18937612857142858
EID_13106,0.18937612857142858
EID_15448,0.18937612857142858
EID_25897,0.18937612857142858
EID_23758,0.18937612857142858
EID_23208,0.18937612857142858
EID_13646,0.18937612857142858
EID_5467,0.18937612857142858
EID_6022,0.18937612857142858
EID_10923,0.18937612857142858
EID_10408,0.18937612857142858
EID_4186,0.18937612857142858
EID_22022,0.18937612857142858
EID_16390,0.18937612857142858
EID_19493,0.18937612857142858
EID_12519,0.18937612857142858
EID_23549,0.18937612857142858
EID_17612,0.18937612857142858
EID_25007,0.18937612857142858
EID_1949,0.18937612857142858
EID_23313,0.18937612857142858
EID_22516,0.18937612857142858
EID_21836,0.18937612857142858
EID_7268,0.18937612857142858
EID_8202,0.18937612857142858
EID_6613,0.18937612857142858
EID_2596,0.18937612857142858
EID_19849,0.18937612857142858
EID_11546,0.18937612857142858
EID_3942,0.18937612857142858
EID_7899,0.18937612857142858
EID_4802,0.18937612857142858
EID_6725,0.18937612857142858
EID_3835,0.18937612857142858
EID_9511,0.18937612857142858
EID_5757,0.18937612857142858
EID_24838,0.18937612857142858
EID_15225,0.18937612857142858
EID_8238,0.18937612857142858
EID_2826,0.18937612857142858
EID_20774,0.18937612857142858
EID_19311,0.18937612857142858
EID_12339,0.18937612857142858
EID_1583,0.18937612857142858
EID_1033,0.18937612857142858
EID_10764,0.18937612857142858
EID_17203,0.18937612857142858
EID_1345,0.18937612857142858
EID_4951,0.18937612857142858
EID_16956,0.18937612857142858
EID_9203,0.18937612857142858
EID_7021,0.18937612857142858
EID_8707,0.18937612857142858
EID_5209,0.18937612857142858
EID_20428,0.18937612857142858
EID_10913,0.18937612857142858
EID_11507,0.18937612857142858
EID_3693,0.18937612857142858
EID_22857,0.18937612857142858
EID_18744,0.18937612857142858
EID_19600,0.18937612857142858
EID_21336,0.18937612857142858
EID_17676,0.18937612857142858
EID_1678,0.18937612857142858
EID_4889,0.18937612857142858
EID_9961,0.18937612857142858
EID_23386,0.18937612857142858
EID_19835,0.18937612857142858
EID_9519,0.18937612857142858
EID_5449,0.18937612857142858
EID_20640,0.18937612857142858
EID_16387,0.18937612857142858
EID_20293,0.18937612857142858
EID_2296,0.18937612857142858
EID_11827,0.18937612857142858
EID_21522,0.18937612857142858
EID_2767,0.18937612857142858
EID_2873,0.18937612857142858
EID_2603,0.18937612857142858
EID_2674,0.18937612857142858
EID_23682,0.18937612857142858
EID_13310,0.18937612857142858
EID_6523,0.18937612857142858
EID_13056,0.18937612857142858
EID_7244,0.18937612857142858
EID_1072,0.18937612857142858
EID_25833,0.18937612857142858
EID_11244,0.18937612857142858
EID_22918,0.18937612857142858
EID_16735,0.18937612857142858
EID_4201,0.18937612857142858
EID_5998,0.18937612857142858
EID_19254,0.18937612857142858
EID_16653,0.18937612857142858
EID_11729,0.18937612857142858
EID_19573,0.18937612857142858
EID_21463,0.18937612857142858
EID_5899,0.18937612857142858
EID_23613,0.18937612857142858
EID_8609,0.18937612857142858
EID_2660,0.18937612857142858
EID_1333,0.18937612857142858
EID_3212,0.18937612857142858
EID_7830,0.18937612857142858
EID_4372,0.18937612857142858
EID_15955,0.18937612857142858
EID_22059,0.18937612857142858
EID_22804,0.18937612857142858
EID_4700,0.18937612857142858
EID_14401,0.18937612857142858
EID_19971,0.18937612857142858
EID_10684,0.18937612857142858
EID_21512,0.18937612857142858
EID_16722,0.18937612857142858
EID_16012,0.18937612857142858
EID_19093,0.18937612857142858
EID_25636,0.18937612857142858
EID_10567,0.18937612857142858
EID_11601,0.18937612857142858
EID_25697,0.18937612857142858
EID_22131,0.18937612857142858
EID_8511,0.18937612857142858
EID_18114,0.18937612857142858
EID_12784,0.18937612857142858
EID_12820,0.18937612857142858
EID_4512,0.18937612857142858
EID_5837,0.18937612857142858
EID_12564,0.18937612857142858
EID_16737,0.18937612857142858
EID_25986,0.18937612857142858
EID_8729,0.18937612857142858
EID_4386,0.18937612857142858
EID_5223,0.18937612857142858
EID_1494,0.18937612857142858
EID_22699,0.18937612857142858
EID_1083,0.18937612857142858
EID_1329,0.18937612857142858
EID_3550,0.18937612857142858
EID_18845,0.18937612857142858
EID_17946,0.18937612857142858
EID_1712,0.18937612857142858
EID_12024,0.18937612857142858
EID_2974,0.18937612857142858
EID_12806,0.18937612857142858
EID_10396,0.18937612857142858
EID_3998,0.18937612857142858
EID_22451,0.18937612857142858
EID_12242,0.18937612857142858
EID_18599,0.18937612857142858
EID_9423,0.18937612857142858
EID_25347,0.18937612857142858
EID_20183,0.18937612857142858
EID_18079,0.18937612857142858
EID_10059,0.18937612857142858
EID_1322,0.18937612857142858
EID_18109,0.18937612857142858
EID_7325,0.18937612857142858
EID_6000,0.18937612857142858
EID_10760,0.18937612857142858
EID_24380,0.18937612857142858
EID_7070,0.18937612857142858
EID_2796,0.18937612857142858
EID_18860,0.18937612857142858
EID_13597,0.18937612857142858
EID_6858,0.18937612857142858
EID_14987,0.18937612857142858
EID_8902,0.18937612857142858
EID_9453,0.18937612857142858
EID_20605,0.18937612857142858
EID_16020,0.18937612857142858
EID_6335,0.18937612857142858
EID_1317,0.18937612857142858
EID_5575,0.18937612857142858
EID_17433,0.18937612857142858
EID_6238,0.18937612857142858
EID_10734,0.18937612857142858
EID_7661,0.18937612857142858
EID_9281,0.18937612857142858
EID_19259,0.18937612857142858
EID_9544,0.18937612857142858
EID_2572,0.18937612857142858
EID_12706,0.18937612857142858
EID_20500,0.18937612857142858
EID_19258,0.18937612857142858
EID_15915,0.18937612857142858
EID_25265,0.18937612857142858
EID_16567,0.18937612857142858
EID_19553,0.18937612857142858
EID_25403,0.18937612857142858
EID_10354,0.18937612857142858
EID_19522,0.18937612857142858
EID_20132,0.18937612857142858
EID_3363,0.18937612857142858
EID_15253,0.18937612857142858
EID_8368,0.18937612857142858
EID_3883,0.18937612857142858
EID_7323,0.18937612857142858
EID_16203,0.18937612857142858
EID_9080,0.18937612857142858
EID_12266,0.18937612857142858
EID_13777,0.18937612857142858
EID_24876,0.18937612857142858
EID_11961,0.18937612857142858
EID_25871,0.18937612857142858
EID_3563,0.18937612857142858
EID_3377,0.18937612857142858
EID_19924,0.18937612857142858
EID_4070,0.18937612857142858
EID_7727,0.18937612857142858
EID_2253,0.18937612857142858
EID_5056,0.18937612857142858
EID_16751,0.18937612857142858
EID_2105,0.18937612857142858
EID_14078,0.18937612857142858
EID_18779,0.18937612857142858
EID_2218,0.18937612857142858
EID_6130,0.18937612857142858
EID_21722,0.18937612857142858
EID_17748,0.18937612857142858
EID_21322,0.18937612857142858
EID_6016,0.18937612857142858
EID_20480,0.18937612857142858
EID_18843,0.18937612857142858
EID_7336,0.18937612857142858
EID_4455,0.18937612857142858
EID_15206,0.18937612857142858
EID_15582,0.18937612857142858
EID_22381,0.18937612857142858
EID_22606,0.18937612857142858
EID_12159,0.18937612857142858
EID_10027,0.18937612857142858
EID_4107,0.18937612857142858
EID_18932,0.18937612857142858
EID_1321,0.18937612857142858
EID_7759,0.18937612857142858
EID_21961,0.18937612857142858
EID_15289,0.18937612857142858
EID_23069,0.18937612857142858
EID_17187,0.18937612857142858
EID_25372,0.18937612857142858
EID_9787,0.18937612857142858
EID_9797,0.18937612857142858
EID_10831,0.18937612857142858
EID_24620,0.18937612857142858
EID_8715,0.18937612857142858
EID_13459,0.18937612857142858
EID_14031,0.18937612857142858
EID_14541,0.18937612857142858
EID_12395,0.18937612857142858
EID_7150,0.18937612857142858
EID_14422,0.18937612857142858
EID_19060,0.18937612857142858
EID_9338,0.18937612857142858
EID_21042,0.18937612857142858
EID_8011,0.18937612857142858
EID_8102,0.18937612857142858
EID_11068,0.18937612857142858
EID_15461,0.18937612857142858
EID_18509,0.18937612857142858
EID_5796,0.18937612857142858
EID_19905,0.18937612857142858
EID_21609,0.18937612857142858
EID_14873,0.18937612857142858
EID_8033,0.18937612857142858
EID_21354,0.18937612857142858
EID_16377,0.18937612857142858
EID_10566,0.18937612857142858
EID_4791,0.18937612857142858
EID_20944,0.18937612857142858
EID_24913,0.18937612857142858
EID_3868,0.18937612857142858
EID_10611,0.18937612857142858
EID_21702,0.18937612857142858
EID_9472,0.18937612857142858
EID_10746,0.18937612857142858
EID_17717,0.18937612857142858
EID_18535,0.18937612857142858
EID_23706,0.18937612857142858
EID_7039,0.18937612857142858
EID_23797,0.18937612857142858
EID_1574,0.18937612857142858
EID_5931,0.18937612857142858
EID_6468,0.18937612857142858
EID_15805,0.18937612857142858
EID_2988,0.18937612857142858
EID_21966,0.18937612857142858
EID_16571,0.18937612857142858
EID_10082,0.18937612857142858
EID_8359,0.18937612857142858
EID_3200,0.18937612857142858
EID_2206,0.18937612857142858
EID_14234,0.18937612857142858
EID_12498,0.18937612857142858
EID_12009,0.18937612857142858
EID_12486,0.18937612857142858
EID_2679,0.18937612857142858
EID_25329,0.18937612857142858
EID_18268,0.18937612857142858
EID_18253,0.18937612857142858
EID_11915,0.18937612857142858
EID_2503,0.18937612857142858
EID_22110,0.18937612857142858
EID_9344,0.18937612857142858
EID_17568,0.18937612857142858
EID_1445,0.18937612857142858
EID_12971,0.18937612857142858
EID_14129,0.18937612857142858
EID_22888,0.18937612857142858
EID_17510,0.18937612857142858
EID_11722,0.18937612857142858
EID_18542,0.18937612857142858
EID_13158,0.18937612857142858
EID_2810,0.18937612857142858
EID_16559,0.18937612857142858
EID_1124,0.18937612857142858
EID_2137,0.18937612857142858
EID_13145,0.18937612857142858
EID_14181,0.18937612857142858
EID_24695,0.18937612857142858
EID_21367,0.18937612857142858
EID_13213,0.18937612857142858
EID_15852,0.18937612857142858
EID_9531,0.18937612857142858
EID_6197,0.18937612857142858
EID_20012,0.18937612857142858
EID_10381,0.18937612857142858
EID_9136,0.18937612857142858
EID_12063,0.18937612857142858
EID_22318,0.18937612857142858
EID_24047,0.18937612857142858
EID_5834,0.18937612857142858
EID_4763,0.18937612857142858
EID_24096,0.18937612857142858
EID_13825,0.18937612857142858
EID_14326,0.18937612857142858
EID_10111,0.18937612857142858
EID_23362,0.18937612857142858
EID_8682,0.18937612857142858
EID_18727,0.18937612857142858
EID_20725,0.18937612857142858
EID_15976,0.18937612857142858
EID_17626,0.18937612857142858
EID_13302,0.18937612857142858
EID_11333,0.18937612857142858
EID_12305,0.18937612857142858
EID_4987,0.18937612857142858
EID_12132,0.18937612857142858
EID_14163,0.18937612857142858
EID_15666,0.18937612857142858
EID_19257,0.18937612857142858
EID_1591,0.18937612857142858
EID_5610,0.18937612857142858
EID_4835,0.18937612857142858
EID_5060,0.18937612857142858
EID_15897,0.18937612857142858
EID_9771,0.18937612857142858
EID_11486,0.18937612857142858
EID_14583,0.18937612857142858
EID_17832,0.18937612857142858
EID_6876,0.18937612857142858
EID_18560,0.18937612857142858
EID_1091,0.18937612857142858
EID_3837,0.18937612857142858
EID_8508,0.18937612857142858
EID_23640,0.18937612857142858
EID_13280,0.18937612857142858
EID_3352,0.18937612857142858
EID_13404,0.18937612857142858
EID_23565,0.18937612857142858
EID_24526,0.18937612857142858
EID_9254,0.18937612857142858
EID_8916,0.18937612857142858
EID_15227,0.18937612857142858
EID_11672,0.18937612857142858
EID_8926,0.18937612857142858
EID_25125,0.18937612857142858
EID_3170,0.18937612857142858
EID_24612,0.18937612857142858
EID_23932,0.18937612857142858
EID_11554,0.18937612857142858
EID_19854,0.18937612857142858
EID_16362,0.18937612857142858
EID_13195,0.18937612857142858
EID_25559,0.18937612857142858
EID_18526,0.18937612857142858
EID_23226,0.18937612857142858
EID_5873,0.18937612857142858
EID_11286,0.18937612857142858
EID_7573,0.18937612857142858
EID_11669,0.18937612857142858
EID_12639,0.18937612857142858
EID_12309,0.18937612857142858
EID_17566,0.18937612857142858
EID_3644,0.18937612857142858
EID_9921,0.18937612857142858
EID_14703,0.18937612857142858
EID_19366,0.18937612857142858
EID_12449,0.18937612857142858
EID_24591,0.18937612857142858
EID_4698,0.18937612857142858
EID_17657,0.18937612857142858
EID_24446,0.18937612857142858
EID_18528,0.18937612857142858
EID_8868,0.18937612857142858
EID_5820,0.18937612857142858
EID_24215,0.18937612857142858
EID_19176,0.18937612857142858
EID_6578,0.18937612857142858
EID_9672,0.18937612857142858
EID_10702,0.18937612857142858
EID_4741,0.18937612857142858
EID_24067,0.18937612857142858
EID_2416,0.18937612857142858
EID_12089,0.18937612857142858
EID_8392,0.18937612857142858
EID_16766,0.18937612857142858
EID_23137,0.18937612857142858
EID_24704,0.18937612857142858
EID_13184,0.18937612857142858
EID_21642,0.18937612857142858
EID_8050,0.18937612857142858
EID_20432,0.18937612857142858
EID_14456,0.18937612857142858
EID_7769,0.18937612857142858
EID_14077,0.18937612857142858
EID_17805,0.18937612857142858
EID_14927,0.18937612857142858
EID_7995,0.18937612857142858
EID_2297,0.18937612857142858
EID_7960,0.18937612857142858
EID_9481,0.18937612857142858
EID_2781,0.18937612857142858
EID_25571,0.18937612857142858
EID_12462,0.18937612857142858
EID_17761,0.18937612857142858
EID_22310,0.18937612857142858
EID_15161,0.18937612857142858
EID_3361,0.18937612857142858
EID_2166,0.18937612857142858
EID_1515,0.18937612857142858
EID_13787,0.18937612857142858
EID_23496,0.18937612857142858
EID_7820,0.18937612857142858
EID_14433,0.18937612857142858
EID_9405,0.18937612857142858
EID_4195,0.18937612857142858
EID_24190,0.18937612857142858
EID_20400,0.18937612857142858
EID_16111,0.18937612857142858
EID_5502,0.18937612857142858
EID_17381,0.18937612857142858
EID_22435,0.18937612857142858
EID_3060,0.18937612857142858
EID_19197,0.18937612857142858
EID_13311,0.18937612857142858
EID_14282,0.18937612857142858
EID_5849,0.18937612857142858
EID_19845,0.18937612857142858
EID_6965,0.18937612857142858
EID_5048,0.18937612857142858
EID_13766,0.18937612857142858
EID_22269,0.18937612857142858
EID_4363,0.18937612857142858
EID_12215,0.18937612857142858
EID_14479,0.18937612857142858
EID_7348,0.18937612857142858
EID_25664,0.18937612857142858
EID_4940,0.18937612857142858
EID_6877,0.18937612857142858
EID_8337,0.18937612857142858
EID_1775,0.18937612857142858
EID_13938,0.18937612857142858
EID_12735,0.18937612857142858
EID_16138,0.18937612857142858
EID_18586,0.18937612857142858
EID_16650,0.18937612857142858
EID_18259,0.18937612857142858
EID_19144,0.18937612857142858
EID_4483,0.18937612857142858
EID_10929,0.18937612857142858
EID_19882,0.18937612857142858
EID_3779,0.18937612857142858
EID_18678,0.18937612857142858
EID_7168,0.18937612857142858
EID_23279,0.18937612857142858
EID_17008,0.18937612857142858
EID_2795,0.18937612857142858
EID_1833,0.18937612857142858
EID_21026,0.18937612857142858
EID_20322,0.18937612857142858
EID_10026,0.18937612857142858
EID_7742,0.18937612857142858
EID_21792,0.18937612857142858
EID_14341,0.18937612857142858
EID_24634,0.18937612857142858
EID_3379,0.18937612857142858
EID_20627,0.18937612857142858
EID_8572,0.18937612857142858
EID_15104,0.18937612857142858
EID_12426,0.18937612857142858
EID_17588,0.18937612857142858
EID_20961,0.18937612857142858
EID_23260,0.18937612857142858
EID_7213,0.18937612857142858
EID_11851,0.18937612857142858
EID_5696,0.18937612857142858
EID_23011,0.18937612857142858
EID_2035,0.18937612857142858
EID_22461,0.18937612857142858
EID_23215,0.18937612857142858
EID_6913,0.18937612857142858
EID_5739,0.18937612857142858
EID_19814,0.18937612857142858
EID_20320,0.18937612857142858
EID_2043,0.18937612857142858
EID_21992,0.18937612857142858
EID_9324,0.18937612857142858
EID_3863,0.18937612857142858
EID_7513,0.18937612857142858
EID_11120,0.18937612857142858
EID_6548,0.18937612857142858
EID_23957,0.18937612857142858
EID_11408,0.18937612857142858
EID_24638,0.18937612857142858
EID_3908,0.18937612857142858
EID_17023,0.18937612857142858
EID_10902,0.18937612857142858
EID_3543,0.18937612857142858
EID_3633,0.18937612857142858
EID_3394,0.18937612857142858
EID_8619,0.18937612857142858
EID_13424,0.18937612857142858
EID_15405,0.18937612857142858
EID_21727,0.18937612857142858
EID_18916,0.18937612857142858
EID_3335,0.18937612857142858
EID_2811,0.18937612857142858
EID_8620,0.18937612857142858
EID_3249,0.18937612857142858
EID_22140,0.18937612857142858
EID_18934,0.18937612857142858
EID_24271,0.18937612857142858
EID_2164,0.18937612857142858
EID_22961,0.18937612857142858
EID_25318,0.18937612857142858
EID_23064,0.18937612857142858
EID_1056,0.18937612857142858
EID_4389,0.18937612857142858
EID_6949,0.18937612857142858
EID_16133,0.18937612857142858
EID_8023,0.18937612857142858
EID_19426,0.18937612857142858
EID_12895,0.18937612857142858
EID_17667,0.18937612857142858
EID_14826,0.18937612857142858
EID_8807,0.18937612857142858
EID_13977,0.18937612857142858
EID_11167,0.18937612857142858
EID_22535,0.18937612857142858
EID_5357,0.18937612857142858
EID_1450,0.18937612857142858
EID_24647,0.18937612857142858
EID_1516,0.18937612857142858
EID_10122,0.18937612857142858
EID_2423,0.18937612857142858
EID_4276,0.18937612857142858
EID_10610,0.18937612857142858
EID_5840,0.18937612857142858
EID_19117,0.18937612857142858
EID_1753,0.18937612857142858
EID_11679,0.18937612857142858
EID_12425,0.18937612857142858
EID_21118,0.18937612857142858
EID_1348,0.18937612857142858
EID_3143,0.18937612857142858
EID_12153,0.18937612857142858
EID_22834,0.18937612857142858
EID_14978,0.18937612857142858
EID_23361,0.18937612857142858
EID_5207,0.18937612857142858
EID_8395,0.18937612857142858
EID_2440,0.18937612857142858
EID_14196,0.18937612857142858
EID_16684,0.18937612857142858
EID_22520,0.18937612857142858
EID_14689,0.18937612857142858
EID_22890,0.18937612857142858
EID_18695,0.18937612857142858
EID_1275,0.18937612857142858
EID_6033,0.18937612857142858
EID_25616,0.18937612857142858
EID_6190,0.18937612857142858
EID_2964,0.18937612857142858
EID_24869,0.18937612857142858
EID_3319,0.18937612857142858
EID_15857,0.18937612857142858
EID_4615,0.18937612857142858
EID_23926,0.18937612857142858
EID_15506,0.18937612857142858
EID_4168,0.18937612857142858
EID_23593,0.18937612857142858
EID_3108,0.18937612857142858
EID_22846,0.18937612857142858
EID_12618,0.18937612857142858
EID_20341,0.18937612857142858
EID_15441,0.18937612857142858
EID_20278,0.18937612857142858
EID_19511,0.18937612857142858
EID_7832,0.18937612857142858
EID_7775,0.18937612857142858
EID_9409,0.18937612857142858
EID_11483,0.18937612857142858
EID_6657,0.18937612857142858
EID_10338,0.18937612857142858
EID_7683,0.18937612857142858
EID_11854,0.18937612857142858
EID_17102,0.18937612857142858
EID_9882,0.18937612857142858
EID_19326,0.18937612857142858
EID_1670,0.18937612857142858
EID_17455,0.18937612857142858
EID_24867,0.18937612857142858
EID_22972,0.18937612857142858
EID_4679,0.18937612857142858
EID_7172,0.18937612857142858
EID_7401,0.18937612857142858
EID_13199,0.18937612857142858
EID_12244,0.18937612857142858
EID_12771,0.18937612857142858
EID_7230,0.18937612857142858
EID_19736,0.18937612857142858
EID_2755,0.18937612857142858
EID_19126,0.18937612857142858
EID_20949,0.18937612857142858
EID_4573,0.18937612857142858
EID_23671,0.18937612857142858
EID_11580,0.18937612857142858
EID_15600,0.18937612857142858
EID_17577,0.18937612857142858
EID_6773,0.18937612857142858
EID_9565,0.18937612857142858
EID_13401,0.18937612857142858
EID_17438,0.18937612857142858
EID_7604,0.18937612857142858
EID_1215,0.18937612857142858
EID_24765,0.18937612857142858
EID_2084,0.18937612857142858
EID_17898,0.18937612857142858
EID_9752,0.18937612857142858
EID_19867,0.18937612857142858
EID_5430,0.18937612857142858
EID_22617,0.18937612857142858
EID_23590,0.18937612857142858
EID_11131,0.18937612857142858
EID_1623,0.18937612857142858
EID_25390,0.18937612857142858
EID_23316,0.18937612857142858
EID_11595,0.18937612857142858
EID_10827,0.18937612857142858
EID_14787,0.18937612857142858
EID_18290,0.18937612857142858
EID_17889,0.18937612857142858
EID_7936,0.18937612857142858
EID_12044,0.18937612857142858
EID_8205,0.18937612857142858
EID_22950,0.18937612857142858
EID_4965,0.18937612857142858
EID_24073,0.18937612857142858
EID_4946,0.18937612857142858
EID_14618,0.18937612857142858
EID_17692,0.18937612857142858
EID_23220,0.18937612857142858
EID_24364,0.18937612857142858
EID_20216,0.18937612857142858
EID_24865,0.18937612857142858
EID_11009,0.18937612857142858
EID_6889,0.18937612857142858
EID_10375,0.18937612857142858
EID_11917,0.18937612857142858
EID_25323,0.18937612857142858
EID_21841,0.18937612857142858
EID_25278,0.18937612857142858
EID_17857,0.18937612857142858
EID_2991,0.18937612857142858
EID_23822,0.18937612857142858
EID_12098,0.18937612857142858
EID_14665,0.18937612857142858
EID_25373,0.18937612857142858
EID_22143,0.18937612857142858
EID_4000,0.18937612857142858
EID_2951,0.18937612857142858
EID_8610,0.18937612857142858
EID_6998,0.18937612857142858
EID_21972,0.18937612857142858
EID_3582,0.18937612857142858
EID_18220,0.18937612857142858
EID_12381,0.18937612857142858
EID_15689,0.18937612857142858
EID_12239,0.18937612857142858
EID_3987,0.18937612857142858
EID_20164,0.18937612857142858
EID_1654,0.18937612857142858
EID_25583,0.18937612857142858
EID_22736,0.18937612857142858
EID_22169,0.18937612857142858
EID_9495,0.18937612857142858
EID_2465,0.18937612857142858
EID_1659,0.18937612857142858
EID_4509,0.18937612857142858
EID_15264,0.18937612857142858
EID_9494,0.18937612857142858
EID_23657,0.18937612857142858
EID_10376,0.18937612857142858
EID_25277,0.18937612857142858
EID_15121,0.18937612857142858
EID_14760,0.18937612857142858
EID_9160,0.18937612857142858
EID_18574,0.18937612857142858
EID_2977,0.18937612857142858
EID_4745,0.18937612857142858
EID_6762,0.18937612857142858
EID_2682,0.18937612857142858
EID_19172,0.18937612857142858
EID_1013,0.18937612857142858
EID_1242,0.18937612857142858
EID_10336,0.18937612857142858
EID_11247,0.18937612857142858
EID_4631,0.18937612857142858
EID_21660,0.18937612857142858
EID_6752,0.18937612857142858
EID_14409,0.18937612857142858
EID_21720,0.18937612857142858
EID_14495,0.18937612857142858
EID_15348,0.18937612857142858
EID_9610,0.18937612857142858
EID_10629,0.18937612857142858
EID_10182,0.18937612857142858
EID_10598,0.18937612857142858
EID_11065,0.18937612857142858
EID_16129,0.18937612857142858
EID_15572,0.18937612857142858
EID_21059,0.18937612857142858
EID_7812,0.18937612857142858
EID_15162,0.18937612857142858
EID_6911,0.18937612857142858
EID_17591,0.18937612857142858
EID_22638,0.18937612857142858
EID_3217,0.18937612857142858
EID_10116,0.18937612857142858
EID_23199,0.18937612857142858
EID_18844,0.18937612857142858
EID_19931,0.18937612857142858
EID_22215,0.18937612857142858
EID_14623,0.18937612857142858
EID_7884,0.18937612857142858
EID_3197,0.18937612857142858
EID_11291,0.18937612857142858
EID_3320,0.18937612857142858
EID_12585,0.18937612857142858
EID_13592,0.18937612857142858
EID_11264,0.18937612857142858
EID_6997,0.18937612857142858
EID_2327,0.18937612857142858
EID_9340,0.18937612857142858
EID_14544,0.18937612857142858
EID_13055,0.18937612857142858
EID_14014,0.18937612857142858
EID_7429,0.18937612857142858
EID_19008,0.18937612857142858
EID_14283,0.18937612857142858
EID_10882,0.18937612857142858
EID_5194,0.18937612857142858
EID_23844,0.18937612857142858
EID_22628,0.18937612857142858
EID_10033,0.18937612857142858
EID_13281,0.18937612857142858
EID_23871,0.18937612857142858
EID_3621,0.18937612857142858
EID_12968,0.18937612857142858
EID_5819,0.18937612857142858
EID_6694,0.18937612857142858
EID_17656,0.18937612857142858
EID_8888,0.18937612857142858
EID_14552,0.18937612857142858
EID_15342,0.18937612857142858
EID_7728,0.18937612857142858
EID_10331,0.18937612857142858
EID_5479,0.18937612857142858
EID_25526,0.18937612857142858
EID_12348,0.18937612857142858
EID_6196,0.18937612857142858
EID_3619,0.18937612857142858
EID_11280,0.18937612857142858
EID_18119,0.18937612857142858
EID_18058,0.18937612857142858
EID_20911,0.18937612857142858
EID_19840,0.18937612857142858
EID_11808,0.18937612857142858
EID_16265,0.18937612857142858
EID_25976,0.18937612857142858
EID_3872,0.18937612857142858
EID_23029,0.18937612857142858
EID_11745,0.18937612857142858
EID_9556,0.18937612857142858
EID_19748,0.18937612857142858
EID_23253,0.18937612857142858
EID_16237,0.18937612857142858
EID_11694,0.18937612857142858
EID_12824,0.18937612857142858
EID_12797,0.18937612857142858
EID_3524,0.18937612857142858
EID_10559,0.18937612857142858
EID_22844,0.18937612857142858
EID_22281,0.18937612857142858
EID_9535,0.18937612857142858
EID_1642,0.18937612857142858
EID_17630,0.18937612857142858
EID_15083,0.18937612857142858
EID_2690,0.18937612857142858
EID_12199,0.18937612857142858
EID_3449,0.18937612857142858
EID_12097,0.18937612857142858
EID_23272,0.18937612857142858
EID_6890,0.18937612857142858
EID_2438,0.18937612857142858
EID_6508,0.18937612857142858
EID_10772,0.18937612857142858
EID_6076,0.18937612857142858
EID_3045,0.18937612857142858
EID_24779,0.18937612857142858
EID_12553,0.18937612857142858
EID_24984,0.18937612857142858
EID_17157,0.18937612857142858
EID_11823,0.18937612857142858
EID_4765,0.18937612857142858
EID_16143,0.18937612857142858
EID_19658,0.18937612857142858
EID_12035,0.18937612857142858
EID_3481,0.18937612857142858
EID_12776,0.18937612857142858
EID_21160,0.18937612857142858
EID_11127,0.18937612857142858
EID_11784,0.18937612857142858
EID_17458,0.18937612857142858
EID_15653,0.18937612857142858
EID_25399,0.18937612857142858
EID_8799,0.18937612857142858
EID_14529,0.18937612857142858
EID_19407,0.18937612857142858
EID_8224,0.18937612857142858
EID_21582,0.18937612857142858
EID_14807,0.18937612857142858
EID_17338,0.18937612857142858
EID_10635,0.18937612857142858
EID_16300,0.18937612857142858
EID_5155,0.18937612857142858
EID_11136,0.18937612857142858
EID_7716,0.18937612857142858
EID_13041,0.18937612857142858
EID_1572,0.18937612857142858
EID_2382,0.18937612857142858
EID_4568,0.18937612857142858
EID_25153,0.18937612857142858
EID_20523,0.18937612857142858
EID_2332,0.18937612857142858
EID_6143,0.18937612857142858
EID_19549,0.18937612857142858
EID_24568,0.18937612857142858
EID_23211,0.18937612857142858
EID_2342,0.18937612857142858
EID_2922,0.18937612857142858
EID_6026,0.18937612857142858
EID_10107,0.18937612857142858
EID_14855,0.18937612857142858
EID_18780,0.18937612857142858
EID_10578,0.18937612857142858
EID_3842,0.18937612857142858
EID_10225,0.18937612857142858
EID_15275,0.18937612857142858
EID_10740,0.18937612857142858
EID_9483,0.18937612857142858
EID_11262,0.18937612857142858
EID_24388,0.18937612857142858
EID_19271,0.18937612857142858
EID_15363,0.18937612857142858
EID_16555,0.18937612857142858
EID_7387,0.18937612857142858
EID_2692,0.18937612857142858
EID_19754,0.18937612857142858
EID_10859,0.18937612857142858
EID_16618,0.18937612857142858
EID_1697,0.18937612857142858
EID_3764,0.18937612857142858
EID_4502,0.18937612857142858
EID_19240,0.18937612857142858
EID_22590,0.18937612857142858
EID_14056,0.18937612857142858
EID_20697,0.18937612857142858
EID_2505,0.18937612857142858
EID_23288,0.18937612857142858
EID_23373,0.18937612857142858
EID_18878,0.18937612857142858
EID_11857,0.18937612857142858
EID_25945,0.18937612857142858
EID_18242,0.18937612857142858
EID_22823,0.18937612857142858
EID_5625,0.18937612857142858
EID_6702,0.18937612857142858
EID_24252,0.18937612857142858
EID_12704,0.18937612857142858
EID_1770,0.18937612857142858
EID_10159,0.18937612857142858
EID_3702,0.18937612857142858
EID_2688,0.18937612857142858
EID_19784,0.18937612857142858
EID_3636,0.18937612857142858
EID_14537,0.18937612857142858
EID_4878,0.18937612857142858
EID_10260,0.18937612857142858
EID_5154,0.18937612857142858
EID_21206,0.18937612857142858
EID_15511,0.18937612857142858
EID_8010,0.18937612857142858
EID_6249,0.18937612857142858
EID_7392,0.18937612857142858
EID_18362,0.18937612857142858
EID_14147,0.18937612857142858
EID_24826,0.18937612857142858
EID_10862,0.18937612857142858
EID_3088,0.18937612857142858
EID_2871,0.18937612857142858
EID_22681,0.18937612857142858
EID_3720,0.18937612857142858
EID_21540,0.18937612857142858
EID_3516,0.18937612857142858
EID_10969,0.18937612857142858
EID_11396,0.18937612857142858
EID_11407,0.18937612857142858
EID_19264,0.18937612857142858
EID_12406,0.18937612857142858
EID_19440,0.18937612857142858
EID_22729,0.18937612857142858
EID_21143,0.18937612857142858
EID_19936,0.18937612857142858
EID_13997,0.18937612857142858
EID_15533,0.18937612857142858
EID_22065,0.18937612857142858
EID_6600,0.18937612857142858
EID_15316,0.18937612857142858
EID_10721,0.18937612857142858
EID_20630,0.18937612857142858
EID_17720,0.18937612857142858
EID_7692,0.18937612857142858
EID_25004,0.18937612857142858
EID_1804,0.18937612857142858
EID_25207,0.18937612857142858
EID_7638,0.18937612857142858
EID_8179,0.18937612857142858
EID_23406,0.18937612857142858
EID_19285,0.18937612857142858
EID_15333,0.18937612857142858
EID_9685,0.18937612857142858
EID_15725,0.18937612857142858
EID_8302,0.18937612857142858
EID_10726,0.18937612857142858
EID_6168,0.18937612857142858
EID_16711,0.18937612857142858
EID_24881,0.18937612857142858
EID_15281,0.18937612857142858
EID_17428,0.18937612857142858
EID_2814,0.18937612857142858
EID_8717,0.18937612857142858
EID_4395,0.18937612857142858
EID_22871,0.18937612857142858
EID_22152,0.18937612857142858
EID_23649,0.18937612857142858
EID_24748,0.18937612857142858
EID_25426,0.18937612857142858
EID_13986,0.18937612857142858
EID_19704,0.18937612857142858
EID_15554,0.18937612857142858
EID_23100,0.18937612857142858
EID_25408,0.18937612857142858
EID_15870,0.18937612857142858
EID_4048,0.18937612857142858
EID_12712,0.18937612857142858
EID_1937,0.18937612857142858
EID_14246,0.18937612857142858
EID_2569,0.18937612857142858
EID_6228,0.18937612857142858
EID_21309,0.18937612857142858
EID_16971,0.18937612857142858
EID_25273,0.18937612857142858
EID_8968,0.18937612857142858
EID_21475,0.18937612857142858
EID_1982,0.18937612857142858
EID_23627,0.18937612857142858
EID_14209,0.18937612857142858
EID_22365,0.18937612857142858
EID_21031,0.18937612857142858
EID_16883,0.18937612857142858
EID_15734,0.18937612857142858
EID_20840,0.18937612857142858
EID_20792,0.18937612857142858
EID_2652,0.18937612857142858
EID_3079,0.18937612857142858
EID_1425,0.18937612857142858
EID_17271,0.18937612857142858
EID_22724,0.18937612857142858
EID_23964,0.18937612857142858
EID_9333,0.18937612857142858
EID_12374,0.18937612857142858
EID_25107,0.18937612857142858
EID_22869,0.18937612857142858
EID_18753,0.18937612857142858
EID_16805,0.18937612857142858
EID_19994,0.18937612857142858
EID_3004,0.18937612857142858
EID_12616,0.18937612857142858
EID_6090,0.18937612857142858
EID_3303,0.18937612857142858
EID_9435,0.18937612857142858
EID_1838,0.18937612857142858
EID_15681,0.18937612857142858
EID_17496,0.18937612857142858
EID_8456,0.18937612857142858
EID_23174,0.18937612857142858
EID_8285,0.18937612857142858
EID_6547,0.18937612857142858
EID_23648,0.18937612857142858
EID_7958,0.18937612857142858
EID_19299,0.18937612857142858
EID_8699,0.18937612857142858
EID_14528,0.18937612857142858
EID_23167,0.18937612857142858
EID_25289,0.18937612857142858
EID_12802,0.18937612857142858
EID_15986,0.18937612857142858
EID_3609,0.18937612857142858
EID_2045,0.18937612857142858
EID_1788,0.18937612857142858
EID_22630,0.18937612857142858
EID_10542,0.18937612857142858
EID_13101,0.18937612857142858
EID_5159,0.18937612857142858
EID_18490,0.18937612857142858
EID_25693,0.18937612857142858
EID_20514,0.18937612857142858
EID_3713,0.18937612857142858
EID_11193,0.18937612857142858
EID_6052,0.18937612857142858
EID_6986,0.18937612857142858
EID_9104,0.18937612857142858
EID_23058,0.18937612857142858
EID_3156,0.18937612857142858
EID_17660,0.18937612857142858
EID_17514,0.18937612857142858
EID_15370,0.18937612857142858
EID_12207,0.18937612857142858
EID_7351,0.18937612857142858
EID_24727,0.18937612857142858
EID_6356,0.18937612857142858
EID_15421,0.18937612857142858
EID_11772,0.18937612857142858
EID_14071,0.18937612857142858
EID_16359,0.18937612857142858
EID_16919,0.18937612857142858
EID_21496,0.18937612857142858
EID_10564,0.18937612857142858
EID_3773,0.18937612857142858
EID_9484,0.18937612857142858
EID_13601,0.18937612857142858
EID_13843,0.18937612857142858
EID_8774,0.18937612857142858
EID_7542,0.18937612857142858
EID_3388,0.18937612857142858
EID_17949,0.18937612857142858
EID_1815,0.18937612857142858
EID_10479,0.18937612857142858
EID_10722,0.18937612857142858
EID_3427,0.18937612857142858
EID_18205,0.18937612857142858
EID_21650,0.18937612857142858
EID_23124,0.18937612857142858
EID_4294,0.18937612857142858
EID_13366,0.18937612857142858
EID_13957,0.18937612857142858
EID_3578,0.18937612857142858
EID_24105,0.18937612857142858
EID_13186,0.18937612857142858
EID_24214,0.18937612857142858
EID_17251,0.18937612857142858
EID_23225,0.18937612857142858
EID_2152,0.18937612857142858
EID_10625,0.18937612857142858
EID_2044,0.18937612857142858
EID_7201,0.18937612857142858
EID_2405,0.18937612857142858
EID_22716,0.18937612857142858
EID_22728,0.18937612857142858
EID_21251,0.18937612857142858
EID_6915,0.18937612857142858
EID_14744,0.18937612857142858
EID_15814,0.18937612857142858
EID_6659,0.18937612857142858
EID_10991,0.18937612857142858
EID_6500,0.18937612857142858
EID_19121,0.18937612857142858
EID_6278,0.18937612857142858
EID_13236,0.18937612857142858
EID_5382,0.18937612857142858
EID_6871,0.18937612857142858
EID_5012,0.18937612857142858
EID_1268,0.18937612857142858
EID_6588,0.18937612857142858
EID_22163,0.18937612857142858
EID_11121,0.18937612857142858
EID_22615,0.18937612857142858
EID_7838,0.18937612857142858
EID_3344,0.18937612857142858
EID_25292,0.18937612857142858
EID_10730,0.18937612857142858
EID_10317,0.18937612857142858
EID_13443,0.18937612857142858
EID_10988,0.18937612857142858
EID_23091,0.18937612857142858
EID_1839,0.18937612857142858
EID_13892,0.18937612857142858
EID_1496,0.18937612857142858
EID_15045,0.18937612857142858
EID_3744,0.18937612857142858
EID_13010,0.18937612857142858
EID_9716,0.18937612857142858
EID_2993,0.18937612857142858
EID_23435,0.18937612857142858
EID_8587,0.18937612857142858
EID_22132,0.18937612857142858
EID_21413,0.18937612857142858
EID_11881,0.18937612857142858
EID_19850,0.18937612857142858
EID_18460,0.18937612857142858
EID_17983,0.18937612857142858
EID_14888,0.18937612857142858
EID_14002,0.18937612857142858
EID_13524,0.18937612857142858
EID_4049,0.18937612857142858
EID_6535,0.18937612857142858
EID_10557,0.18937612857142858
EID_1313,0.18937612857142858
EID_12424,0.18937612857142858
EID_8210,0.18937612857142858
EID_22378,0.18937612857142858
EID_19644,0.18937612857142858
EID_8790,0.18937612857142858
EID_5778,0.18937612857142858
EID_23887,0.18937612857142858
EID_16103,0.18937612857142858
EID_20604,0.18937612857142858
EID_17378,0.18937612857142858
EID_5566,0.18937612857142858
EID_24264,0.18937612857142858
EID_7814,0.18937612857142858
EID_1968,0.18937612857142858
EID_10282,0.18937612857142858
EID_13648,0.18937612857142858
EID_22376,0.18937612857142858
EID_3690,0.18937612857142858
EID_17871,0.18937612857142858
EID_19167,0.18937612857142858
EID_5366,0.18937612857142858
EID_16996,0.18937612857142858
EID_1953,0.18937612857142858
EID_8760,0.18937612857142858
EID_20448,0.18937612857142858
EID_15787,0.18937612857142858
EID_18982,0.18937612857142858
EID_4388,0.18937612857142858
EID_22325,0.18937612857142858
EID_10189,0.18937612857142858
EID_21162,0.18937612857142858
EID_1032,0.18937612857142858
EID_12045,0.18937612857142858
EID_18324,0.18937612857142858
EID_15085,0.18937612857142858
EID_21927,0.18937612857142858
EID_13325,0.18937612857142858
EID_17801,0.18937612857142858
EID_7678,0.18937612857142858
EID_17469,0.18937612857142858
EID_14318,0.18937612857142858
EID_16439,0.18937612857142858
EID_2307,0.18937612857142858
EID_20011,0.18937612857142858
EID_19381,0.18937612857142858
EID_14043,0.18937612857142858
EID_14774,0.18937612857142858
EID_22982,0.18937612857142858
EID_19092,0.18937612857142858
EID_13137,0.18937612857142858
EID_5738,0.18937612857142858
EID_19661,0.18937612857142858
EID_22570,0.18937612857142858
EID_16393,0.18937612857142858
EID_4256,0.18937612857142858
EID_17873,0.18937612857142858
EID_13832,0.18937612857142858
EID_17617,0.18937612857142858
EID_3106,0.18937612857142858
EID_6567,0.18937612857142858
EID_4727,0.18937612857142858
EID_14518,0.18937612857142858
EID_1070,0.18937612857142858
EID_19385,0.18937612857142858
EID_20032,0.18937612857142858
EID_11714,0.18937612857142858
EID_23636,0.18937612857142858
EID_1985,0.18937612857142858
EID_5627,0.18937612857142858
EID_15171,0.18937612857142858
EID_8811,0.18937612857142858
EID_2163,0.18937612857142858
EID_8459,0.18937612857142858
EID_18138,0.18937612857142858
EID_17518,0.18937612857142858
EID_17432,0.18937612857142858
EID_25686,0.18937612857142858
EID_2470,0.18937612857142858
EID_16311,0.18937612857142858
EID_6903,0.18937612857142858
EID_11990,0.18937612857142858
EID_23460,0.18937612857142858
EID_25924,0.18937612857142858
EID_13985,0.18937612857142858
EID_5455,0.18937612857142858
EID_13427,0.18937612857142858
EID_24855,0.18937612857142858
EID_15532,0.18937612857142858
EID_8953,0.18937612857142858
EID_22683,0.18937612857142858
EID_22493,0.18937612857142858
EID_1451,0.18937612857142858
EID_20796,0.18937612857142858
EID_17281,0.18937612857142858
EID_7767,0.18937612857142858
EID_20838,0.18937612857142858
EID_17235,0.18937612857142858
EID_21615,0.18937612857142858
EID_6972,0.18937612857142858
EID_13930,0.18937612857142858
EID_4188,0.18937612857142858
EID_11277,0.18937612857142858
EID_18053,0.18937612857142858
EID_11288,0.18937612857142858
EID_1148,0.18937612857142858
EID_19216,0.18937612857142858
EID_7660,0.18937612857142858
EID_22805,0.18937612857142858
EID_11931,0.18937612857142858
EID_16921,0.18937612857142858
EID_4993,0.18937612857142858
EID_18070,0.18937612857142858
EID_15648,0.18937612857142858
EID_11404,0.18937612857142858
EID_14248,0.18937612857142858
EID_15424,0.18937612857142858
EID_8039,0.18937612857142858
EID_7094,0.18937612857142858
EID_13161,0.18937612857142858
EID_9293,0.18937612857142858
EID_4351,0.18937612857142858
EID_17259,0.18937612857142858
EID_2681,0.18937612857142858
EID_22123,0.18937612857142858
EID_8528,0.18937612857142858
EID_11798,0.18937612857142858
EID_20265,0.18937612857142858
EID_21396,0.18937612857142858
EID_12220,0.18937612857142858
EID_25722,0.18937612857142858
EID_21719,0.18937612857142858
EID_3506,0.18937612857142858
EID_2139,0.18937612857142858
EID_6562,0.18937612857142858
EID_4353,0.18937612857142858
EID_24392,0.18937612857142858
EID_11238,0.18937612857142858
EID_20617,0.18937612857142858
EID_21473,0.18937612857142858
EID_16837,0.18937612857142858
EID_1800,0.18937612857142858
EID_25849,0.18937612857142858
EID_9395,0.18937612857142858
EID_2415,0.18937612857142858
EID_9286,0.18937612857142858
EID_5081,0.18937612857142858
EID_22546,0.18937612857142858
EID_11932,0.18937612857142858
EID_16292,0.18937612857142858
EID_17882,0.18937612857142858
EID_20889,0.18937612857142858
EID_10031,0.18937612857142858
EID_21576,0.18937612857142858
EID_8256,0.18937612857142858
EID_2614,0.18937612857142858
EID_2098,0.18937612857142858
EID_10242,0.18937612857142858
EID_21993,0.18937612857142858
EID_22664,0.18937612857142858
EID_1919,0.18937612857142858
EID_11629,0.18937612857142858
EID_6840,0.18937612857142858
EID_25493,0.18937612857142858
EID_14968,0.18937612857142858
EID_25313,0.18937612857142858
EID_8035,0.18937612857142858
EID_8969,0.18937612857142858
EID_15223,0.18937612857142858
EID_6266,0.18937612857142858
EID_8184,0.18937612857142858
EID_19480,0.18937612857142858
EID_19076,0.18937612857142858
EID_16339,0.18937612857142858
EID_7963,0.18937612857142858
EID_17427,0.18937612857142858
EID_12641,0.18937612857142858
EID_4122,0.18937612857142858
EID_23659,0.18937612857142858
EID_13486,0.18937612857142858
EID_18423,0.18937612857142858
EID_2181,0.18937612857142858
EID_25490,0.18937612857142858
EID_9211,0.18937612857142858
EID_5237,0.18937612857142858
EID_2418,0.18937612857142858
EID_17716,0.18937612857142858
EID_13837,0.18937612857142858
EID_2840,0.18937612857142858
EID_13004,0.18937612857142858
EID_14429,0.18937612857142858
EID_18915,0.18937612857142858
EID_22415,0.18937612857142858
EID_4304,0.18937612857142858
EID_10753,0.18937612857142858
EID_22612,0.18937612857142858
EID_1857,0.18937612857142858
EID_3566,0.18937612857142858
EID_8545,0.18937612857142858
EID_21685,0.18937612857142858
EID_9946,0.18937612857142858
EID_20447,0.18937612857142858
EID_3887,0.18937612857142858
EID_8351,0.18937612857142858
EID_23889,0.18937612857142858
EID_8248,0.18937612857142858
EID_16621,0.18937612857142858
EID_25138,0.18937612857142858
EID_10004,0.18937612857142858
EID_5522,0.18937612857142858
EID_23416,0.18937612857142858
EID_14897,0.18937612857142858
EID_10840,0.18937612857142858
EID_21716,0.18937612857142858
EID_18484,0.18937612857142858
EID_7402,0.18937612857142858
EID_24854,0.18937612857142858
EID_1610,0.18937612857142858
EID_17592,0.18937612857142858
EID_22128,0.18937612857142858
EID_17304,0.18937612857142858
EID_1508,0.18937612857142858
EID_20492,0.18937612857142858
EID_2324,0.18937612857142858
EID_17093,0.18937612857142858
EID_23356,0.18937612857142858
EID_17895,0.18937612857142858
EID_8186,0.18937612857142858
EID_19358,0.18937612857142858
EID_6030,0.18937612857142858
EID_17457,0.18937612857142858
EID_14976,0.18937612857142858
EID_8914,0.18937612857142858
EID_5721,0.18937612857142858
EID_11266,0.18937612857142858
EID_17012,0.18937612857142858
EID_7554,0.18937612857142858
EID_3087,0.18937612857142858
EID_19716,0.18937612857142858
EID_21723,0.18937612857142858
EID_13072,0.18937612857142858
EID_9776,0.18937612857142858
EID_25927,0.18937612857142858
EID_5593,0.18937612857142858
EID_13954,0.18937612857142858
EID_16034,0.18937612857142858
EID_1719,0.18937612857142858
EID_23054,0.18937612857142858
EID_15591,0.18937612857142858
EID_5178,0.18937612857142858
EID_24346,0.18937612857142858
EID_21264,0.18937612857142858
EID_3292,0.18937612857142858
EID_14975,0.18937612857142858
EID_9165,0.18937612857142858
EID_23369,0.18937612857142858
EID_18767,0.18937612857142858
EID_10153,0.18937612857142858
EID_2542,0.18937612857142858
EID_23826,0.18937612857142858
EID_20391,0.18937612857142858
EID_8633,0.18937612857142858
EID_5875,0.18937612857142858
EID_12699,0.18937612857142858
EID_12982,0.18937612857142858
EID_16392,0.18937612857142858
EID_8185,0.18937612857142858
EID_15462,0.18937612857142858
EID_4853,0.18937612857142858
EID_17622,0.18937612857142858
EID_23074,0.18937612857142858
EID_6390,0.18937612857142858
EID_24539,0.18937612857142858
EID_12963,0.18937612857142858
EID_8649,0.18937612857142858
EID_11810,0.18937612857142858
EID_3598,0.18937612857142858
EID_13511,0.18937612857142858
EID_16014,0.18937612857142858
EID_24791,0.18937612857142858
EID_3417,0.18937612857142858
EID_24668,0.18937612857142858
EID_4508,0.18937612857142858
EID_25150,0.18937612857142858
EID_25934,0.18937612857142858
EID_6308,0.18937612857142858
EID_10508,0.18937612857142858
EID_18724,0.18937612857142858
EID_10536,0.18937612857142858
EID_18738,0.18937612857142858
EID_15949,0.18937612857142858
EID_20722,0.18937612857142858
EID_14963,0.18937612857142858
EID_6682,0.18937612857142858
EID_8365,0.18937612857142858
EID_17999,0.18937612857142858
EID_24499,0.18937612857142858
EID_20389,0.18937612857142858
EID_12123,0.18937612857142858
EID_19203,0.18937612857142858
EID_3538,0.18937612857142858
EID_19811,0.18937612857142858
EID_11473,0.18937612857142858
EID_3032,0.18937612857142858
EID_8419,0.18937612857142858
EID_9052,0.18937612857142858
EID_15837,0.18937612857142858
EID_6644,0.18937612857142858
EID_16894,0.18937612857142858
EID_10552,0.18937612857142858
EID_14750,0.18937612857142858
EID_16659,0.18937612857142858
EID_4472,0.18937612857142858
EID_4076,0.18937612857142858
EID_5163,0.18937612857142858
EID_25923,0.18937612857142858
EID_24806,0.18937612857142858
EID_3742,0.18937612857142858
EID_19722,0.18937612857142858
EID_18033,0.18937612857142858
EID_16718,0.18937612857142858
EID_13182,0.18937612857142858
EID_23021,0.18937612857142858
EID_20329,0.18937612857142858
EID_8770,0.18937612857142858
EID_11234,0.18937612857142858
EID_18881,0.18937612857142858
EID_1365,0.18937612857142858
EID_19318,0.18937612857142858
EID_19343,0.18937612857142858
EID_4435,0.18937612857142858
EID_22102,0.18937612857142858
EID_24095,0.18937612857142858
EID_9897,0.18937612857142858
EID_21635,0.18937612857142858
EID_16514,0.18937612857142858
EID_1997,0.18937612857142858
EID_10324,0.18937612857142858
EID_6487,0.18937612857142858
EID_21197,0.18937612857142858
EID_19082,0.18937612857142858
EID_17562,0.18937612857142858
EID_8738,0.18937612857142858
EID_13687,0.18937612857142858
EID_19572,0.18937612857142858
EID_24909,0.18937612857142858
EID_21814,0.18937612857142858
EID_12083,0.18937612857142858
EID_25919,0.18937612857142858
EID_19140,0.18937612857142858
EID_23924,0.18937612857142858
EID_1208,0.18937612857142858
EID_18170,0.18937612857142858
EID_18699,0.18937612857142858
EID_1318,0.18937612857142858
EID_14941,0.18937612857142858
EID_6540,0.18937612857142858
EID_20936,0.18937612857142858
EID_9705,0.18937612857142858
EID_24181,0.18937612857142858
EID_22138,0.18937612857142858
EID_23044,0.18937612857142858
EID_9038,0.18937612857142858
EID_3247,0.18937612857142858
EID_19630,0.18937612857142858
EID_8655,0.18937612857142858
EID_10423,0.18937612857142858
EID_3946,0.18937612857142858
EID_16512,0.18937612857142858
EID_12473,0.18937612857142858
EID_11571,0.18937612857142858
EID_14381,0.18937612857142858
EID_12675,0.18937612857142858
EID_1930,0.18937612857142858
EID_20155,0.18937612857142858
EID_22902,0.18937612857142858
EID_24145,0.18937612857142858
EID_5342,0.18937612857142858
EID_8334,0.18937612857142858
EID_25708,0.18937612857142858
EID_19991,0.18937612857142858
EID_5499,0.18937612857142858
EID_5953,0.18937612857142858
EID_7444,0.18937612857142858
EID_6218,0.18937612857142858
EID_12891,0.18937612857142858
EID_16456,0.18937612857142858
EID_20256,0.18937612857142858
EID_9959,0.18937612857142858
EID_8845,0.18937612857142858
EID_1662,0.18937612857142858
EID_8739,0.18937612857142858
EID_20695,0.18937612857142858
EID_19446,0.18937612857142858
EID_12441,0.18937612857142858
EID_13066,0.18937612857142858
EID_8911,0.18937612857142858
EID_22200,0.18937612857142858
EID_9689,0.18937612857142858
EID_1668,0.18937612857142858
EID_8120,0.18937612857142858
EID_22777,0.18937612857142858
EID_19141,0.18937612857142858
EID_22674,0.18937612857142858
EID_16121,0.18937612857142858
EID_14662,0.18937612857142858
EID_23290,0.18937612857142858
EID_20144,0.18937612857142858
EID_23052,0.18937612857142858
EID_25575,0.18937612857142858
EID_23724,0.18937612857142858
EID_14759,0.18937612857142858
EID_25209,0.18937612857142858
EID_17753,0.18937612857142858
EID_4693,0.18937612857142858
EID_17284,0.18937612857142858
EID_9131,0.18937612857142858
EID_24625,0.18937612857142858
EID_24912,0.18937612857142858
EID_19612,0.18937612857142858
EID_9147,0.18937612857142858
EID_6891,0.18937612857142858
EID_10639,0.18937612857142858
EID_5880,0.18937612857142858
EID_22547,0.18937612857142858
EID_10066,0.18937612857142858
EID_7126,0.18937612857142858
EID_4929,0.18937612857142858
EID_24750,0.18937612857142858
